sid,did,scode,name,paddress,address,phone,email,cby,cdate,time,edate
1,1,1,CHEMBA ,CHEMBA ,P.O.Box 542155,782345678,chemba@tag.or.tz,1,2019-01-01,11:12:00,19/05/2015 10:14
2,1,2,KONDOA ,KONDOA ,P.O.Box 542157,718987890,kondoa @tag.or.tz,1,2019-01-01,18:07:00,19/05/2012 18:07
3,2,1,BAHI ,BAHI ,P.O.Box 542159,718987892,bahi @tag.or.tz,1,2019-01-01,10:15:00,19/05/2015 10:15
4,2,2,CHAMWINO ,CHAMWINO ,P.O.Box 542161,718987894,chamwino @tag.or.tz,1,2019-01-01,10:16:00,19/05/2015 10:16
5,2,3,CHIMWAGA ,CHIMWAGA ,P.O.Box 542163,718987896,chimwaga @tag.or.tz,1,2019-01-01,10:16:00,19/05/2015 10:16
6,2,4,MLIMWA ,MLIMWA ,P.O.Box 542165,718987898,mlimwa @tag.or.tz,1,2019-01-01,10:17:00,19/05/2015 10:17
7,2,5,MUNDEMU ,MUNDEMU ,P.O.Box 542167,718987900,mundemu @tag.or.tz,1,2019-01-01,10:18:00,19/05/2015 10:18
8,2,6,MVUMI-DODOMA ,MVUMI-DODOMA ,P.O.Box 542169,718987902,mvumi-dodoma @tag.or.tz,1,2019-01-01,10:18:00,19/05/2015 10:18
9,2,7,MWITIKIRA ,MWITIKIRA ,P.O.Box 542171,718987904,mwitikira @tag.or.tz,1,2019-01-01,10:19:00,19/05/2015 10:19
10,3,1,KIBAIGWA ,KIBAIGWA ,P.O.Box 542173,718987906,kibaigwa @tag.or.tz,1,2019-01-01,10:19:00,19/05/2015 10:19
11,3,2,KONGWA ,KONGWA ,P.O.Box 542175,718987908,kongwa @tag.or.tz,1,2019-01-01,12:01:00,19/05/2015 12:01
12,3,3,MPWAPWA ,MPWAPWA ,P.O.Box 542177,718987910,mpwapwa @tag.or.tz,1,2019-01-01,12:02:00,19/05/2015 12:02
13,3,4,PWAGA ,PWAGA ,P.O.Box 542179,718987912,pwaga @tag.or.tz,1,2019-01-01,12:02:00,19/05/2015 12:02
14,4,1,IRINGA MJINI ,IRINGA MJINI ,P.O.Box 542181,718987914,iringa mjini @tag.or.tz,1,2019-01-01,12:03:00,19/05/2015 12:03
15,4,2,ISIMANI ,ISIMANI ,P.O.Box 542183,718987916,isimani @tag.or.tz,1,2019-01-01,12:03:00,19/05/2015 12:03
16,4,3,KALENGA ,KALENGA ,P.O.Box 542185,718987918,kalenga @tag.or.tz,1,2019-01-01,12:04:00,19/05/2015 12:04
17,4,4,KILOLO ,KILOLO ,P.O.Box 542187,718987920,kilolo @tag.or.tz,1,2019-01-01,12:06:00,19/05/2015 12:06
18,4,5,KIDAMALI,KIDAMALI,P.O.Box 542189,718987922,kidamali@tag.or.tz,1,2019-01-01,12:06:00,19/05/2015 12:06
19,4,6,KISING'A,KISING'A,P.O.Box 542191,718987924,kising'a@tag.or.tz,1,2019-01-01,12:07:00,19/05/2015 12:07
20,4,8,KIWELE,KIWELE,P.O.Box 542193,718987926,kiwele@tag.or.tz,1,2019-01-01,12:23:00,19/05/2015 12:23
21,4,7,LUGALO ,LUGALO ,P.O.Box 542195,718987928,lugalo @tag.or.tz,1,2019-01-01,12:23:00,19/05/2015 12:23
22,4,9,MAHENGE ,MAHENGE -IRINGA,P.O.BOX 542197,718987930,,1,2019-01-01,12:24:00,26/05/2022 10:28
23,4,10,MAZOMBE ,MAZOMBE ,P.O.Box 542199,718987932,mazombe @tag.or.tz,1,2019-01-01,12:24:00,19/05/2015 12:24
24,4,11,PAWAGA ,PAWAGA ,P.O.Box 542201,718987934,pawaga @tag.or.tz,1,2019-01-01,12:25:00,19/05/2015 12:25
25,4,12,RUAHA ,RUAHA ,P.O.Box 542203,718987936,ruaha @tag.or.tz,1,2019-01-01,12:25:00,19/05/2015 12:26
26,4,13,TANANGOZI ,TANANGOZI ,P.O.Box 542205,718987938,tanangozi @tag.or.tz,1,2019-01-01,12:26:00,19/05/2015 12:26
27,4,14,UKUMBI ,UKUMBI ,P.O.Box 542207,718987940,ukumbi @tag.or.tz,1,2019-01-01,12:27:00,19/05/2015 12:27
28,5,1,BONDE LA UFA,BONDE LA UFA,P.O.Box 542209,718987942,bonde la ufa@tag.or.tz,1,2019-01-01,12:32:00,19/05/2015 12:32
29,5,2,DABAGA,DABAGA,P.O.Box 542211,718987944,dabaga@tag.or.tz,1,2019-01-01,12:33:00,19/05/2015 12:33
30,5,3,IGOWOLE ,IGOWOLE ,P.O.Box 542213,718987946,igowole @tag.or.tz,1,2019-01-01,12:33:00,19/05/2015 12:33
31,5,4,KIHANSI ,KIHANSI ,P.O.Box 542215,718987948,kihansi @tag.or.tz,1,2019-01-01,12:34:00,19/05/2015 12:34
32,5,5,KIPONZELO ,KIPONZELO ,P.O.Box 542217,718987950,kiponzelo @tag.or.tz,1,2019-01-01,12:35:00,19/05/2015 12:35
33,5,6,MAFINGA ,MAFINGA ,P.O.Box 542219,718987952,mafinga @tag.or.tz,1,2019-01-01,12:35:00,19/05/2015 12:35
34,5,7,MUFINDI ,MUFINDI ,P.O.Box 542221,718987954,mufindi @tag.or.tz,1,2019-01-01,12:36:00,19/05/2015 12:36
35,5,8,SADANI ,SADANI ,P.O.Box 542223,718987956,sadani @tag.or.tz,1,2019-01-01,12:37:00,19/05/2015 12:37
36,6,10,MATOMBO ,MATOMBO ,P.O.Box 542225,718987958,matombo @tag.or.tz,1,2019-01-01,12:38:00,19/05/2015 12:38
37,6,9,MGETA ,MGETA ,P.O.Box 542227,718987960,mgeta @tag.or.tz,1,2019-01-01,12:38:00,19/05/2015 12:38
38,6,1,MLALI ,MLALI ,P.O.Box 542229,718987962,mlali @tag.or.tz,1,2019-01-01,11:12:00,19/05/2015 10:14
39,6,2,MOROGORO (M) KASKAZINI,MOROGORO (M) KASKAZINI,P.O.Box 542231,718987964,morogoro (m) kaskazini@tag.or.tz,1,2019-01-01,18:07:00,19/05/2012 18:07
40,6,3,MOROGORO MJINI KUS. ,MOROGORO MJINI KUS. ,P.O.Box 542233,718987966,morogoro mjini kus. @tag.or.tz,1,2019-01-01,10:15:00,19/05/2015 10:15
41,6,4,MOROGORO MJINI MAGHARIBI ,MOROGORO MJINI MAGHARIBI ,P.O.Box 542235,718987968,morogoro mjini magharibi @tag.or.tz,1,2019-01-01,10:16:00,19/05/2015 10:16
42,6,5,MOROGORO MJINI MASHARIKI ,MOROGORO MJINI MASHARIKI ,P.O.Box 542237,718987970,morogoro mjini mashariki @tag.or.tz,1,2019-01-01,10:16:00,19/05/2015 10:16
43,6,6,MVOMERO ,MVOMERO ,P.O.Box 542239,718987972,mvomero @tag.or.tz,1,2019-01-01,10:17:00,19/05/2015 10:17
44,6,7,MVUHA ,MVUHA ,P.O.Box 542241,718987974,mvuha @tag.or.tz,1,2019-01-01,10:18:00,19/05/2015 10:18
45,6,8,TURIANI ,TURIANI ,P.O.Box 542243,718987976,turiani @tag.or.tz,1,2019-01-01,10:18:00,19/05/2015 10:18
46,7,1,IFAKARA KIBAONI ,IFAKARA KIBAONI ,P.O.Box 542245,718987978,ifakara kibaoni @tag.or.tz,1,2019-01-01,10:19:00,19/05/2015 10:19
47,7,2,IFAKARA  MJINI,IFAKARA ,P.O.BOX 542247,718987980,,1,2019-01-01,10:19:00,07/07/2022 07:55
48,7,3,KILOMBERO  ,KILOMBERO  ,P.O.Box 542249,718987982,kilombero  @tag.or.tz,1,2019-01-01,12:01:00,19/05/2015 12:01
49,7,4,MAHENGE-MOROGORO ,MAHENGE-MOROGORO ,P.O.Box 542251,718987984,mahenge-morogoro @tag.or.tz,1,2019-01-01,12:02:00,19/05/2015 12:02
50,7,5,MALINYI ,MALINYI ,P.O.Box 542253,718987986,malinyi @tag.or.tz,1,2019-01-01,12:02:00,19/05/2015 12:02
51,7,6,MANG'ULA ,MANG'ULA ,P.O.Box 542255,718987988,mang'ula @tag.or.tz,1,2019-01-01,12:03:00,19/05/2015 12:03
52,7,7,MBINGU ,MBINGU ,P.O.Box 542257,718987990,mbingu @tag.or.tz,1,2019-01-01,12:03:00,19/05/2015 12:03
53,7,8,MIKUMI ,MIKUMI ,P.O.Box 542259,718987992,mikumi @tag.or.tz,1,2019-01-01,12:04:00,19/05/2015 12:04
54,7,9,MLIMBA ,MLIMBA ,P.O.Box 542261,718987994,mlimba @tag.or.tz,1,2019-01-01,12:06:00,19/05/2015 12:06
55,7,10,MNGETA ,MNGETA ,P.O.Box 542263,718987996,mngeta @tag.or.tz,1,2019-01-01,12:06:00,19/05/2015 12:06
56,7,11,MOFU ,MOFU ,P.O.Box 542265,718987998,mofu @tag.or.tz,1,2019-01-01,12:07:00,19/05/2015 12:07
57,7,12,MTIMBILA ,MTIMBILA ,P.O.Box 542267,718988000,mtimbila @tag.or.tz,1,2019-01-01,12:23:00,19/05/2015 12:23
58,7,13,MWAYA ,MWAYA ,P.O.Box 542269,718988002,mwaya @tag.or.tz,1,2019-01-01,12:23:00,19/05/2015 12:23
59,7,14,RUHEMBE ,RUHEMBE ,P.O.Box 542271,718988004,ruhembe @tag.or.tz,1,2019-01-01,12:24:00,19/05/2015 12:24
60,8,1,GAIRO ,GAIRO ,P.O.Box 542273,718988006,gairo @tag.or.tz,1,2019-01-01,12:24:00,19/05/2015 12:24
61,8,2,KIDETE STATION ,KIDETE STATION ,P.O.Box 542275,718988008,kidete station @tag.or.tz,1,2019-01-01,12:25:00,19/05/2015 12:25
62,8,3,KILOSA MJINI ,KILOSA MJINI ,P.O.Box 542277,718988010,kilosa mjini @tag.or.tz,1,2019-01-01,12:25:00,19/05/2015 12:26
63,8,4,MVUMI KILOSA,MVUMI KILOSA,P.O.Box 542279,718988012,mvumi kilosa@tag.or.tz,1,2019-01-01,12:26:00,19/05/2015 12:26
64,8,5,ZOMBO ,ZOMBO ,P.O.Box 542281,718988014,zombo @tag.or.tz,1,2019-01-01,12:27:00,19/05/2015 12:27
65,9,1,IGUGUNO,IGUGUNO,P.O.Box 542283,718988016,iguguno@tag.or.tz,1,2019-01-01,12:32:00,19/05/2015 12:32
66,9,2,ISANZU,ISANZU,P.O.Box 542285,718988018,isanzu@tag.or.tz,1,2019-01-01,12:33:00,19/05/2015 12:33
67,9,3,KIOMBOI ,KIOMBOI ,P.O.Box 542287,718988020,kiomboi @tag.or.tz,1,2019-01-01,12:33:00,19/05/2015 12:33
68,9,4,MKALAMA ,MKALAMA ,P.O.Box 542289,718988022,mkalama @tag.or.tz,1,2019-01-01,12:34:00,19/05/2015 12:34
69,9,6,MTINKO MAGHARIBI,MTINKO MAGHARIBI,P.O.Box 542291,718988024,mtinko magharibi@tag.or.tz,1,2019-01-01,12:35:00,19/05/2015 12:35
70,9,5,MTINKO MASHARIKI ,MTINKO MASHARIKI ,P.O.Box 542293,718988026,mtinko mashariki @tag.or.tz,1,2019-01-01,12:35:00,19/05/2015 12:35
71,9,7,MWANGA (SINGIDA) ,MWANGA (SINGIDA) ,P.O.Box 542295,718988028,mwanga (singida) @tag.or.tz,1,2019-01-01,12:36:00,19/05/2015 12:36
72,9,8,NDUGUTI ,NDUGUTI ,P.O.Box 542297,718988030,nduguti @tag.or.tz,1,2019-01-01,12:37:00,19/05/2015 12:37
73,9,9,SHELUI ,SHELUI ,P.O.Box 542299,718988032,shelui @tag.or.tz,1,2019-01-01,12:38:00,19/05/2015 12:38
74,9,10,USHORA,USHORA,P.O.Box 542301,718988034,ushora@tag.or.tz,1,2019-01-01,12:38:00,19/05/2015 12:38
75,10,1,BONDE LA UFA ,BONDE LA UFA ,P.O.Box 542303,718988036,bonde la ufa @tag.or.tz,1,2019-01-01,11:12:00,19/05/2015 10:14
76,10,2,IKUNGI MAGHARIBI ,IKUNGI MAGHARIBI ,P.O.Box 542305,718988038,ikungi magharibi @tag.or.tz,1,2019-01-01,18:07:00,19/05/2012 18:07
77,10,3,IKUNGI MASHARIKI ,IKUNGI MASHARIKI ,P.O.Box 542307,718988040,ikungi mashariki @tag.or.tz,1,2019-01-01,10:15:00,19/05/2015 10:15
78,10,4,ILONGERO ,ILONGERO ,P.O.Box 542309,718988042,ilongero @tag.or.tz,1,2019-01-01,10:16:00,19/05/2015 10:16
79,10,5,SINGIDA MAGHARIBI ,SINGIDA MAGHARIBI ,P.O.Box 542311,718988044,singida magharibi @tag.or.tz,1,2019-01-01,10:16:00,19/05/2015 10:16
80,10,6,SINGIDA MJINI KATI ,SINGIDA MJINI KATI ,P.O.Box 542313,718988046,singida mjini kati @tag.or.tz,1,2019-01-01,10:17:00,19/05/2015 10:17
81,10,7,SINGIDA MJINI MASHARIKI ,SINGIDA MJINI MASHARIKI ,P.O.Box 542315,718988048,singida mjini mashariki @tag.or.tz,1,2019-01-01,10:18:00,19/05/2015 10:18
82,11,1,ITIGI  KUSINI,ITIGI ,P.O.BOX 542317,718988050,,1,2019-01-01,10:18:00,19/07/2022 11:31
83,11,2,MANYONI KUSINI,MANYONI KUSINI,P.O.Box 542319,718988052,manyoni kusini@tag.or.tz,1,2019-01-01,10:19:00,19/05/2015 10:19
84,11,3,MANYONI MASHARIKI,MANYONI MASHARIKI,P.O.Box 542321,718988054,manyoni mashariki@tag.or.tz,1,2019-01-01,10:19:00,19/05/2015 10:19
85,11,4,MANYONI MJINI ,MANYONI MJINI ,P.O.Box 542323,718988056,manyoni mjini @tag.or.tz,1,2019-01-01,12:01:00,19/05/2015 12:01
86,12,1,BUGANDO,BUGANDO,P.O.Box 542325,718988058,bugando@tag.or.tz,1,2019-01-01,12:02:00,19/05/2015 12:02
87,12,2,BUKOLI,BUKOLI,P.O.Box 542327,718988060,bukoli@tag.or.tz,1,2019-01-01,12:02:00,19/05/2015 12:02
88,12,3,GEITA MJINI,GEITA MJINI,P.O.Box 542329,718988062,geita mjini@tag.or.tz,1,2019-01-01,12:03:00,19/05/2015 12:03
89,12,4,KASAMWA,KASAMWA,P.O.Box 542331,718988064,kasamwa@tag.or.tz,1,2019-01-01,12:03:00,19/05/2015 12:03
90,12,5,MSALALA,MSALALA,P.O.Box 542333,718988066,msalala@tag.or.tz,1,2019-01-01,12:04:00,19/05/2015 12:04
91,12,6,NZERA,NZERA,P.O.Box 542335,718988068,nzera@tag.or.tz,1,2019-01-01,12:06:00,19/05/2015 12:06
92,13,1,BUKOMBE KASKAZINI,BUKOMBE KASKAZINI,P.O.Box 542337,718988070,bukombe kaskazini@tag.or.tz,1,2019-01-01,12:06:00,19/05/2015 12:06
93,13,2,BUKOMBE KUSINI,BUKOMBE KUSINI,P.O.Box 542339,718988072,bukombe kusini@tag.or.tz,1,2019-01-01,12:07:00,19/05/2015 12:07
94,13,3,MBOGWE KASKAZIN,MBOGWE KASKAZIN,P.O.Box 542341,718988074,mbogwe kaskazin@tag.or.tz,1,2019-01-01,12:23:00,19/05/2015 12:23
95,13,4,MBOGWE KUSINI,MBOGWE KUSINI,P.O.Box 542343,718988076,mbogwe kusini@tag.or.tz,1,2019-01-01,12:23:00,19/05/2015 12:23
96,13,5,MBOGWE MAGHARIBI,MBOGWE MAGHARIBI,P.O.Box 542345,718988078,mbogwe magharibi@tag.or.tz,1,2019-01-01,12:24:00,19/05/2015 12:24
97,13,6,RUNZEWE KASKAZINI,RUNZEWE KASKAZINI,P.O.Box 542347,718988080,runzewe kaskazini@tag.or.tz,1,2019-01-01,12:24:00,19/05/2015 12:24
98,13,7,RUNZEWE KUSINI,RUNZEWE KUSINI,P.O.Box 542349,718988082,runzewe kusini@tag.or.tz,1,2019-01-01,12:25:00,19/05/2015 12:25
99,13,8,RUNZEWE MASHARIKI,RUNZEWE MASHARIKI,P.O.Box 542351,718988084,runzewe mashariki@tag.or.tz,1,2019-01-01,12:25:00,19/05/2015 12:26
100,14,1,BUSERESERE,BUSERESERE,P.O.Box 542353,718988086,buseresere@tag.or.tz,1,2019-01-01,12:26:00,19/05/2015 12:26
101,14,2,BUTUNDWE,BUTUNDWE,P.O.Box 542355,718988088,butundwe@tag.or.tz,1,2019-01-01,12:27:00,19/05/2015 12:27
102,14,3,CHATO,CHATO,P.O.Box 542357,718988090,chato@tag.or.tz,1,2019-01-01,12:32:00,19/05/2015 12:32
103,14,4,KATORO KASKAZINI,KATORO ,P.O.BOX 542359,718988092,,1,2019-01-01,12:33:00,08/07/2022 03:59
104,15,1,BUGABO,BUGABO,P.O.Box 542361,718988094,bugabo@tag.or.tz,1,2019-01-01,12:33:00,19/05/2015 12:33
105,15,2,BUKOBA MANISPAA,BUKOBA MANISPAA,P.O.Box 542363,718988096,bukoba manispaa@tag.or.tz,1,2019-01-01,12:34:00,19/05/2015 12:34
106,15,3,IKIMBA ,IKIMBA ,P.O.BOX 542365,718988098,,1,2019-01-01,12:35:00,16/10/2021 08:48
107,15,5,KYAMTWALA-INA WATU,KAGERA,KAGERA,754407240,,5,2019-01-01,08:48:46,20/07/2022 08:51
108,15,4,MISENYI,MISENYI,P.O.Box 542367,718988100,misenyi@tag.or.tz,1,2019-01-01,12:35:00,19/05/2015 12:35
109,16,3,BIHARAMULO ,BIHARAMULO ,P.O.Box 542369,718988102,biharamulo @tag.or.tz,1,2019-01-01,12:36:00,19/05/2015 12:36
110,16,4,KABINDI ,KABINDI ,P.O.Box 542371,718988104,kabindi @tag.or.tz,1,2019-01-01,12:37:00,19/05/2015 12:37
111,16,5,LUSAHUNGA ,LUSAHUNGA ,P.O.Box 542373,718988106,lusahunga @tag.or.tz,1,2019-01-01,12:38:00,19/05/2015 12:38
112,16,6,MULEBA KASKAZINI ,MULEBA KASKAZINI ,P.O.Box 542375,718988108,muleba kaskazini @tag.or.tz,1,2019-01-01,12:38:00,19/05/2015 12:38
113,16,1,MULEBA KUSINI ,MULEBA KUSINI ,P.O.Box 542377,718988110,muleba kusini @tag.or.tz,1,2019-01-01,11:12:00,19/05/2015 10:14
114,16,2,NYAKANAZI ,NYAKANAZI ,P.O.Box 542379,718988112,nyakanazi @tag.or.tz,1,2019-01-01,18:07:00,19/05/2012 18:07
115,17,1,KARAGWE,KARAGWE,P.O.Box 542381,718988114,karagwe@tag.or.tz,1,2019-01-01,10:15:00,19/05/2015 10:15
116,17,2,KARAGWE KASKAZINI,KARAGWE KASKAZINI,P.O.Box 542383,718988116,karagwe kaskazini@tag.or.tz,1,2019-01-01,10:16:00,19/05/2015 10:16
117,17,3,KARAGWE KUSINI,KARAGWE KUSINI,P.O.Box 542385,718988118,karagwe kusini@tag.or.tz,1,2019-01-01,10:16:00,19/05/2015 10:16
118,17,4,KYERWA KASKAZINI,KYERWA KASKAZINI,P.O.Box 542387,718988120,kyerwa kaskazini@tag.or.tz,1,2019-01-01,10:17:00,19/05/2015 10:17
119,17,5,KYERWA KUSINI,KYERWA KUSINI,P.O.Box 542389,718988122,kyerwa kusini@tag.or.tz,1,2019-01-01,10:18:00,19/05/2015 10:18
120,17,6,NGARA MAGHARIBI,NGARA MAGHARIBI,P.O.Box 542391,718988124,ngara magharibi@tag.or.tz,1,2019-01-01,10:18:00,19/05/2015 10:18
121,17,7,NGARA MASHARIKI,NGARA MASHARIKI,P.O.Box 542393,718988126,ngara mashariki@tag.or.tz,1,2019-01-01,10:19:00,19/05/2015 10:19
122,17,8,NKWENDA KASKAZINI,NKWENDA KASKAZINI,P.O.Box 542395,718988128,nkwenda kaskazini@tag.or.tz,1,2019-01-01,10:19:00,19/05/2015 10:19
123,17,9,NKWENDA KUSINI,NKWENDA KUSINI,P.O.Box 542397,718988130,nkwenda kusini@tag.or.tz,1,2019-01-01,12:01:00,19/05/2015 12:01
124,18,1,RORYA ,RORYA ,P.O.Box 542399,718988132,rorya @tag.or.tz,1,2019-01-01,12:02:00,19/05/2015 12:02
125,18,2,SHIRATI ,SHIRATI ,P.O.Box 542401,718988134,shirati @tag.or.tz,1,2019-01-01,12:02:00,19/05/2015 12:02
126,19,1,BUNDA ,BUNDA ,P.O.Box 542403,718988136,bunda @tag.or.tz,1,2019-01-01,12:03:00,19/05/2015 12:03
127,19,2,KIABAKARI ,KIABAKARI ,P.O.Box 542405,718988138,kiabakari @tag.or.tz,1,2019-01-01,12:03:00,19/05/2015 12:03
128,19,3,MAJITA ,MAJITA ,P.O.Box 542407,718988140,majita @tag.or.tz,1,2019-01-01,12:04:00,19/05/2015 12:04
129,19,4,MUSOMA MAGHARIBI ,MUSOMA MAGHARIBI ,P.O.Box 542409,718988142,musoma magharibi @tag.or.tz,1,2019-01-01,12:06:00,19/05/2015 12:06
130,19,5,MUSOMA MASHARIKI ,MUSOMA MASHARIKI ,P.O.Box 542411,718988144,musoma mashariki @tag.or.tz,1,2019-01-01,12:06:00,19/05/2015 12:06
131,19,6,MWIBARA ,MWIBARA ,P.O.Box 542413,718988146,mwibara @tag.or.tz,1,2019-01-01,12:07:00,19/05/2015 12:07
132,19,7,UTEGI ,UTEGI ,P.O.Box 542415,718988148,utegi @tag.or.tz,1,2019-01-01,12:23:00,19/05/2015 12:23
133,20,1,BUTIAMA ,BUTIAMA ,P.O.Box 542417,718988150,butiama @tag.or.tz,1,2019-01-01,12:23:00,19/05/2015 12:23
134,20,2,IKIZU ,IKIZU ,P.O.Box 542419,718988152,ikizu @tag.or.tz,1,2019-01-01,12:24:00,19/05/2015 12:24
135,20,3,KIAGATA ,KIAGATA ,P.O.Box 542421,718988154,kiagata @tag.or.tz,1,2019-01-01,12:24:00,19/05/2015 12:24
136,20,4,NGOREME ,NGOREME ,P.O.Box 542423,718988156,ngoreme @tag.or.tz,1,2019-01-01,12:25:00,19/05/2015 12:25
137,20,5,SERENGETI ,SERENGETI ,P.O.Box 542425,718988158,serengeti @tag.or.tz,1,2019-01-01,12:25:00,19/05/2015 12:26
138,20,6,TARIME MAGHARIBI ,TARIME MAGHARIBI ,P.O.Box 542427,718988160,tarime magharibi @tag.or.tz,1,2019-01-01,12:26:00,19/05/2015 12:26
139,20,7,TARIME MASHARIKI ,TARIME MASHARIKI ,P.O.Box 542429,718988162,tarime mashariki @tag.or.tz,1,2019-01-01,12:27:00,19/05/2015 12:27
140,21,1,ILEMELA KASKAZINI ,ILEMELA KASKAZINI ,P.O.Box 542431,718988164,ilemela kaskazini @tag.or.tz,1,2019-01-01,12:32:00,19/05/2015 12:32
141,21,2,ILEMELA KUSINI ,ILEMELA KUSINI ,P.O.Box 542433,718988166,ilemela kusini @tag.or.tz,1,2019-01-01,12:33:00,19/05/2015 12:33
142,21,3,ILEMELA MASHARIKI ,ILEMELA MASHARIKI ,P.O.Box 542435,718988168,ilemela mashariki @tag.or.tz,1,2019-01-01,12:33:00,19/05/2015 12:33
143,21,4,MAGU,MAGU,P.O.Box 542437,718988170,magu@tag.or.tz,1,2019-01-01,12:34:00,19/05/2015 12:34
144,21,5,NDAGALU ,NDAGALU ,P.O.Box 542439,718988172,ndagalu @tag.or.tz,1,2019-01-01,12:35:00,19/05/2015 12:35
145,21,6,UKEREWE KASKAZINI ,UKEREWE KASKAZINI ,P.O.Box 542441,718988174,ukerewe kaskazini @tag.or.tz,1,2019-01-01,12:35:00,19/05/2015 12:35
146,21,7,UKEREWE KUSINI ,UKEREWE KUSINI ,P.O.Box 542443,718988176,ukerewe kusini @tag.or.tz,1,2019-01-01,12:36:00,19/05/2015 12:36
147,22,5,KWIMBA ,KWIMBA ,P.O.Box 542445,718988178,kwimba @tag.or.tz,1,2019-01-01,12:37:00,19/05/2015 12:37
148,22,6,MISUNGWI ,MISUNGWI ,P.O.Box 542447,718988180,misungwi @tag.or.tz,1,2019-01-01,12:38:00,19/05/2015 12:38
149,22,7,MKOLANI ,MKOLANI ,P.O.Box 542449,718988182,mkolani @tag.or.tz,1,2019-01-01,12:38:00,19/05/2015 12:38
150,22,1,NYAMAGANA KASKAZINI ,NYAMAGANA KASKAZINI ,P.O.Box 542451,718988184,nyamagana kaskazini @tag.or.tz,1,2019-01-01,11:12:00,19/05/2015 10:14
151,22,2,NYAMAGANA KUSINI ,NYAMAGANA KUSINI ,P.O.Box 542453,718988186,nyamagana kusini @tag.or.tz,1,2019-01-01,18:07:00,19/05/2012 18:07
152,22,3,NYAMAGANA MJINI KATI ,NYAMAGANA MJINI KATI ,P.O.Box 542455,718988188,nyamagana mjini kati @tag.or.tz,1,2019-01-01,10:15:00,19/05/2015 10:15
153,22,4,USAGARA ,USAGARA ,P.O.Box 542457,718988190,usagara @tag.or.tz,1,2019-01-01,10:16:00,19/05/2015 10:16
154,23,1,BUCHOSA ,BUCHOSA ,P.O.Box 542459,718988192,buchosa @tag.or.tz,1,2019-01-01,10:16:00,19/05/2015 10:16
155,23,2,BUSAMBILO ,BUSAMBILO ,P.O.Box 542461,718988194,busambilo @tag.or.tz,1,2019-01-01,10:17:00,19/05/2015 10:17
156,23,3,KAHUNDA ,KAHUNDA ,P.O.Box 542463,718988196,kahunda @tag.or.tz,1,2019-01-01,10:18:00,19/05/2015 10:18
157,23,4,SENGEREMA ,SENGEREMA ,P.O.Box 542465,718988198,sengerema @tag.or.tz,1,2019-01-01,10:18:00,19/05/2015 10:18
158,24,1,BARIADI ,BARIADI ,P.O.Box 542467,718988200,bariadi @tag.or.tz,1,2019-01-01,10:19:00,19/05/2015 10:19
159,24,2,DUTWA ,DUTWA ,P.O.Box 542469,718988202,dutwa @tag.or.tz,1,2019-01-01,10:19:00,19/05/2015 10:19
160,24,3,ITILIMA ,ITILIMA ,P.O.Box 542471,718988204,itilima @tag.or.tz,1,2019-01-01,12:01:00,19/05/2015 12:01
161,24,4,LAMADI UTALII ,LAMADI UTALII ,P.O.Box 542473,718988206,lamadi utalii @tag.or.tz,1,2019-01-01,12:02:00,19/05/2015 12:02
162,24,5,LUGURU ,LUGURU ,P.O.Box 542475,718988208,luguru @tag.or.tz,1,2019-01-01,12:02:00,19/05/2015 12:02
163,24,6,NASSA-BUSEGA ,NASSA-BUSEGA ,P.O.Box 542477,718988210,nassa-busega @tag.or.tz,1,2019-01-01,12:03:00,19/05/2015 12:03
164,25,1,BUKUNDI,BUKUNDI,P.O.Box 542479,718988212,bukundi@tag.or.tz,1,2019-01-01,12:03:00,19/05/2015 12:03
165,25,2,MASWA MAGHARIBI,MASWA ,P.O.BOX 542481,718988214,,1,2019-01-01,12:04:00,01/08/2022 16:46
166,25,3,MWANDOYA ,MWANDOYA ,P.O.Box 542483,718988216,mwandoya @tag.or.tz,1,2019-01-01,12:06:00,19/05/2015 12:06
167,25,4,MWANHUZI ,MWANHUZI ,P.O.Box 542485,718988218,mwanhuzi @tag.or.tz,1,2019-01-01,12:06:00,19/05/2015 12:06
168,26,1,BAGAMOYO KASKAZINI ,BAGAMOYO KASKAZINI ,P.O.Box 542487,718988220,bagamoyo kaskazini @tag.or.tz,1,2019-01-01,12:07:00,19/05/2015 12:07
169,26,2,BAGAMOYO KUSINI ,BAGAMOYO KUSINI ,P.O.Box 542489,718988222,bagamoyo kusini @tag.or.tz,1,2019-01-01,12:23:00,19/05/2015 12:23
170,26,3,BUNJU ,BUNJU ,P.O.Box 542491,718988224,bunju @tag.or.tz,1,2019-01-01,12:23:00,19/05/2015 12:23
171,26,4,MBEZI GOBA ,MBEZI GOBA ,P.O.Box 542493,718988226,mbezi goba @tag.or.tz,1,2019-01-01,12:24:00,19/05/2015 12:24
172,26,5,MBEZI TEGETA ,MBEZI TEGETA ,P.O.Box 542495,718988228,mbezi tegeta @tag.or.tz,1,2019-01-01,12:24:00,19/05/2015 12:24
173,26,6,TEGETA ,TEGETA ,P.O.Box 542497,718988230,tegeta @tag.or.tz,1,2019-01-01,12:25:00,19/05/2015 12:25
174,27,1,BUMBULI,BUMBULI,P.O.Box 542499,718988232,bumbuli@tag.or.tz,1,2019-01-01,12:25:00,19/05/2015 12:26
175,27,2,BUNGU,BUNGU,P.O.Box 542501,718988234,bungu@tag.or.tz,1,2019-01-01,12:26:00,19/05/2015 12:26
176,27,3,HALE,HALE,P.O.Box 542503,718988236,hale@tag.or.tz,1,2019-01-01,12:27:00,19/05/2015 12:27
177,27,4,KOROGWE MJI,KOROGWE MJI,P.O.Box 542505,718988238,korogwe mji@tag.or.tz,1,2019-01-01,12:32:00,19/05/2015 12:32
178,27,5,LUSHOTO,LUSHOTO,P.O.Box 542507,718988240,lushoto@tag.or.tz,1,2019-01-01,12:33:00,19/05/2015 12:33
179,27,6,MAGOMA,MAGOMA,P.O.Box 542509,718988242,magoma@tag.or.tz,1,2019-01-01,12:33:00,19/05/2015 12:33
180,27,7,MLALO,MLALO,P.O.Box 542511,718988244,mlalo@tag.or.tz,1,2019-01-01,12:34:00,19/05/2015 12:34
181,27,8,MOMBO,MOMBO,P.O.Box 542513,718988246,mombo@tag.or.tz,1,2019-01-01,12:35:00,19/05/2015 12:35
182,27,9,UMBA,UMBA,P.O.Box 542515,718988248,umba@tag.or.tz,1,2019-01-01,12:35:00,19/05/2015 12:35
183,28,9,HANDENI ,HANDENI ,P.O.Box 542517,718988250,handeni @tag.or.tz,1,2019-01-01,12:36:00,19/05/2015 12:36
184,28,10,KABUKU ,KABUKU ,P.O.Box 542519,718988252,kabuku @tag.or.tz,1,2019-01-01,12:37:00,19/05/2015 12:37
185,28,12,KANG'ATA ,KANG'ATA ,P.O.Box 542521,718988254,kang'ata @tag.or.tz,1,2019-01-01,12:38:00,19/05/2015 12:38
186,28,11,KIKUNDE ,KIKUNDE ,P.O.Box 542523,718988256,kikunde @tag.or.tz,1,2019-01-01,12:38:00,19/05/2015 12:38
187,28,1,KILINDI ,KILINDI ,P.O.Box 542525,718988258,kilindi @tag.or.tz,1,2019-01-01,11:12:00,19/05/2015 10:14
188,28,2,KIMBE KASKAZINI ,KIMBE KASKAZINI ,P.O.Box 542527,718988260,kimbe kaskazini @tag.or.tz,1,2019-01-01,18:07:00,19/05/2012 18:07
189,28,3,KIMBE KUSINI ,KIMBE KUSINI ,P.O.Box 542529,718988262,kimbe kusini @tag.or.tz,1,2019-01-01,10:15:00,19/05/2015 10:15
190,28,5,KWEKIVU ,KWEKIVU ,P.O.Box 542531,718988264,kwekivu @tag.or.tz,1,2019-01-01,10:16:00,19/05/2015 10:16
191,28,4,MGERA ,MGERA ,P.O.Box 542533,718988266,mgera @tag.or.tz,1,2019-01-01,10:16:00,19/05/2015 10:16
192,28,6,MKATA ,MKATA ,P.O.Box 542535,718988268,mkata @tag.or.tz,1,2019-01-01,10:17:00,19/05/2015 10:17
193,28,7,MSWAKI ,MSWAKI ,P.O.Box 542537,718988270,mswaki @tag.or.tz,1,2019-01-01,10:18:00,19/05/2015 10:18
194,28,8,SEGERA ,SEGERA ,P.O.Box 542539,718988272,segera @tag.or.tz,1,2019-01-01,10:18:00,19/05/2015 10:18
195,29,1,JITEGEMEE,JITEGEMEE,P.O.Box 542541,718988274,jitegemee@tag.or.tz,1,2019-01-01,10:19:00,19/05/2015 10:19
196,29,2,MAJENGO,MAJENGO,P.O.Box 542543,718988276,majengo@tag.or.tz,1,2019-01-01,10:19:00,19/05/2015 10:19
197,29,3,MKINGA,MKINGA,P.O.Box 542545,718988278,mkinga@tag.or.tz,1,2019-01-01,12:01:00,19/05/2015 12:01
198,29,4,MKWAKWANI,MKWAKWANI,P.O.Box 542547,718988280,mkwakwani@tag.or.tz,1,2019-01-01,12:02:00,19/05/2015 12:02
199,29,5,NGAMIANI,NGAMIANI,P.O.Box 542549,718988282,ngamiani@tag.or.tz,1,2019-01-01,12:02:00,19/05/2015 12:02
200,29,6,PANGANI,PANGANI,P.O.Box 542551,718988284,pangani@tag.or.tz,1,2019-01-01,12:03:00,19/05/2015 12:03
201,30,1,ZANZIBAR KASKAZINI ,ZANZIBAR KASKAZINI ,P.O.Box 542553,718988286,zanzibar kaskazini @tag.or.tz,1,2019-01-01,12:03:00,19/05/2015 12:03
202,30,2,ZANZIBAR MAGHARIBI ,ZANZIBAR MAGHARIBI ,P.O.Box 542555,718988288,zanzibar magharibi @tag.or.tz,1,2019-01-01,12:04:00,19/05/2015 12:04
203,31,1,BASSODAWISH ,BASSODAWISH,P.O.BOX 542557,718988290,bassodawish@tag.or.tz,1,2019-01-01,12:06:00,15/07/2020 06:09
204,31,2,BONDE LA UFA,BONDE LA UFA,P.O.Box 542559,718988292,bonde la ufa@tag.or.tz,1,2019-01-01,12:06:00,19/05/2015 12:06
205,31,3,DIGODIGO ,DIGODIGO ,P.O.Box 542561,718988294,digodigo @tag.or.tz,1,2019-01-01,12:07:00,19/05/2015 12:07
206,31,4,ENDABASH ,ENDABASH ,P.O.Box 542563,718988296,endabash @tag.or.tz,1,2019-01-01,12:23:00,19/05/2015 12:23
207,31,5,EYASI ,EYASI ,P.O.Box 542565,718988298,eyasi @tag.or.tz,1,2019-01-01,12:23:00,19/05/2015 12:23
208,31,7,KARATU ,KARATU ,P.O.Box 542567,718988300,karatu @tag.or.tz,1,2019-01-01,12:24:00,19/05/2015 12:24
209,31,6,LOLIONDO ,LOLIONDO ,P.O.Box 542569,718988302,loliondo @tag.or.tz,1,2019-01-01,12:24:00,19/05/2015 12:24
210,31,8,MANG'OLA ,MANG'OLA ,P.O.Box 542571,718988304,mang'ola @tag.or.tz,1,2019-01-01,12:25:00,19/05/2015 12:25
211,31,9,MBULUMBULU ,MBULUMBULU ,P.O.Box 542573,718988306,mbulumbulu @tag.or.tz,1,2019-01-01,12:25:00,19/05/2015 12:26
212,31,10,NGORONGORO ,NGORONGORO ,P.O.Box 542575,718988308,ngorongoro @tag.or.tz,1,2019-01-01,12:26:00,19/05/2015 12:26
213,31,11,OLDEAN ,OLDEAN ,P.O.Box 542577,718988310,oldean @tag.or.tz,1,2019-01-01,12:27:00,19/05/2015 12:27
214,31,12,SALE ,SALE ,P.O.Box 542579,718988312,sale @tag.or.tz,1,2019-01-01,12:32:00,19/05/2015 12:32
215,31,13,SOITSAMBU ,SOITSAMBU ,P.O.Box 542581,718988314,soitsambu @tag.or.tz,1,2019-01-01,12:33:00,19/05/2015 12:33
216,32,11,ARUSHA  AIRPORT ,ARUSHA  AIRPORT ,P.O.Box 542583,718988316,arusha  airport @tag.or.tz,1,2019-01-01,12:33:00,19/05/2015 12:33
217,32,12,ARUSHA CITY ,ARUSHA CITY ,P.O.Box 542585,718988318,arusha city @tag.or.tz,1,2019-01-01,12:34:00,19/05/2015 12:34
218,32,14,ARUSHA MAGHARIBI ,ARUSHA MAGHARIBI ,P.O.Box 542587,718988320,arusha magharibi @tag.or.tz,1,2019-01-01,12:35:00,19/05/2015 12:35
219,32,13,ARUSHA MASHARIKI ,ARUSHA MASHARIKI ,P.O.Box 542589,718988322,arusha mashariki @tag.or.tz,1,2019-01-01,12:35:00,19/05/2015 12:35
220,32,15,ARUSHA MJINI ,ARUSHA MJINI ,P.O.Box 542591,718988324,arusha mjini @tag.or.tz,1,2019-01-01,12:36:00,19/05/2015 12:36
221,32,16,KIMANDOLU ,KIMANDOLU ,P.O.Box 542593,718988326,kimandolu @tag.or.tz,1,2019-01-01,12:37:00,19/05/2015 12:37
222,32,18,KING'ORI ,KING'ORI ,P.O.Box 542595,718988328,king'ori @tag.or.tz,1,2019-01-01,12:38:00,19/05/2015 12:38
223,32,17,KIOGA ,KIOGA ,P.O.Box 542597,718988330,kioga @tag.or.tz,1,2019-01-01,12:38:00,19/05/2015 12:38
224,32,1,KISONGO ,KISONGO ,P.O.Box 542599,718988332,kisongo @tag.or.tz,1,2019-01-01,11:12:00,19/05/2015 10:14
225,32,2,LONGIDO ,LONGIDO ,P.O.Box 542601,718988334,longido @tag.or.tz,1,2019-01-01,18:07:00,19/05/2012 18:07
226,32,3,MAKUYUNI ,MAKUYUNI ,P.O.Box 542603,718988336,makuyuni @tag.or.tz,1,2019-01-01,10:15:00,19/05/2015 10:15
227,32,5,MERU KUSINI ,MERU KUSINI ,P.O.Box 542605,718988338,meru kusini @tag.or.tz,1,2019-01-01,10:16:00,19/05/2015 10:16
228,32,4,MONDULI ,MONDULI ,P.O.Box 542607,718988340,monduli @tag.or.tz,1,2019-01-01,10:16:00,19/05/2015 10:16
229,32,6,NGARAMTONI ,NGARAMTONI ,P.O.Box 542609,718988342,ngaramtoni @tag.or.tz,1,2019-01-01,10:17:00,19/05/2015 10:17
230,32,8,OLDONYOSAMBU ,OLDONYOSAMBU ,P.O.Box 542611,718988344,oldonyosambu @tag.or.tz,1,2019-01-01,10:18:00,19/05/2015 10:18
231,32,7,OLJORO ,OLJORO ,P.O.Box 542613,718988346,oljoro @tag.or.tz,1,2019-01-01,10:18:00,19/05/2015 10:18
232,32,9,TENGERU ,TENGERU ,P.O.Box 542615,718988348,tengeru @tag.or.tz,1,2019-01-01,10:19:00,19/05/2015 10:19
233,32,10,USA RIVER ,USA RIVER ,P.O.Box 542617,718988350,usa river @tag.or.tz,1,2019-01-01,10:19:00,19/05/2015 10:19
234,33,1,MWANGA MAGHARIBI,MWANGA MAGHARIBI,P.O.Box 542619,718988352,mwanga magharibi@tag.or.tz,1,2019-01-01,12:01:00,19/05/2015 12:01
235,33,2,MWANGA MASHARIKI ,MWANGA MASHARIKI ,P.O.Box 542621,718988354,mwanga mashariki @tag.or.tz,1,2019-01-01,12:02:00,19/05/2015 12:02
236,33,3,SAME MAGHARIKI,SAME MAGHARIKI,P.O.Box 542623,718988356,same maghariki@tag.or.tz,1,2019-01-01,12:02:00,19/05/2015 12:02
237,33,4,SAME MASHARIKI,SAME MASHARIKI,P.O.Box 542625,718988358,same mashariki@tag.or.tz,1,2019-01-01,12:03:00,19/05/2015 12:03
238,34,1,HAI ,HAI ,P.O.Box 542627,718988360,hai @tag.or.tz,1,2019-01-01,12:03:00,19/05/2015 12:03
239,34,2,KIBOSHO ,KIBOSHO ,P.O.Box 542629,718988362,kibosho @tag.or.tz,1,2019-01-01,12:04:00,19/05/2015 12:04
240,34,3,MASAMA ,MASAMA ,P.O.Box 542631,718988364,masama @tag.or.tz,1,2019-01-01,12:06:00,19/05/2015 12:06
241,34,4,MOSHI KASKAZINI ,MOSHI KASKAZINI ,P.O.Box 542633,718988366,moshi kaskazini @tag.or.tz,1,2019-01-01,12:06:00,19/05/2015 12:06
242,34,5,MOSHI KATI ,MOSHI KATI ,P.O.Box 542635,718988368,moshi kati @tag.or.tz,1,2019-01-01,12:07:00,19/05/2015 12:07
243,34,7,MOSHI KUSINI ,MOSHI KUSINI ,P.O.Box 542637,718988370,moshi kusini @tag.or.tz,1,2019-01-01,12:23:00,19/05/2015 12:23
244,34,6,MOSHI MAGHARIBI ,MOSHI MAGHARIBI ,P.O.Box 542639,718988372,moshi magharibi @tag.or.tz,1,2019-01-01,12:23:00,19/05/2015 12:23
245,34,8,MOSHI MASHARIKI ,MOSHI MASHARIKI ,P.O.Box 542641,718988374,moshi mashariki @tag.or.tz,1,2019-01-01,12:24:00,19/05/2015 12:24
246,34,9,MOSHI TPC ,MOSHI TPC ,P.O.Box 542643,718988376,moshi tpc @tag.or.tz,1,2019-01-01,12:24:00,19/05/2015 12:24
247,34,10,SIHA KASKAZINI,SIHA ,P.O.BOX 542645,718988378,siha@tag.or.tz,1,2019-01-01,12:25:00,22/07/2022 11:42
248,35,1,ROMBO KASKAZINI ,ROMBO KASKAZINI ,P.O.Box 542647,718988380,rombo kaskazini @tag.or.tz,1,2019-01-01,12:25:00,19/05/2015 12:26
249,35,2,ROMBO KUSINI ,ROMBO KUSINI ,P.O.Box 542649,718988382,rombo kusini @tag.or.tz,1,2019-01-01,12:26:00,19/05/2015 12:26
250,35,3,VUNJO MAGHARIBI ,VUNJO MAGHARIBI ,P.O.Box 542651,718988384,vunjo magharibi @tag.or.tz,1,2019-01-01,12:27:00,19/05/2015 12:27
251,35,4,VUNJO MASHARIKI ,VUNJO MASHARIKI ,P.O.Box 542653,718988386,vunjo mashariki @tag.or.tz,1,2019-01-01,12:32:00,19/05/2015 12:32
252,36,1,DOSIDOSI ,DOSIDOSI ,P.O.Box 542655,718988388,dosidosi @tag.or.tz,1,2019-01-01,12:33:00,19/05/2015 12:33
253,36,2,KIBAYA KITETO ,KIBAYA KITETO ,P.O.Box 542657,718988390,kibaya kiteto @tag.or.tz,1,2019-01-01,12:33:00,19/05/2015 12:33
254,36,3,MATUI ,MATUI ,P.O.Box 542659,718988392,matui @tag.or.tz,1,2019-01-01,12:34:00,19/05/2015 12:34
255,36,4,NJORO ,NJORO ,P.O.Box 542661,718988394,njoro @tag.or.tz,1,2019-01-01,12:35:00,19/05/2015 12:35
256,36,5,SULEDO ,SULEDO ,P.O.Box 542663,718988396,suledo @tag.or.tz,1,2019-01-01,12:35:00,19/05/2015 12:35
257,37,12,BABATI KASKAZINI ,BABATI KASKAZINI ,P.O.Box 542665,718988398,babati kaskazini @tag.or.tz,1,2019-01-01,12:36:00,19/05/2015 12:36
258,37,13,BABATI KUSINI ,BABATI KUSINI ,P.O.Box 542667,718988400,babati kusini @tag.or.tz,1,2019-01-01,12:37:00,19/05/2015 12:37
259,37,15,BABATI MAGHARIBI ,BABATI MAGHARIBI ,P.O.Box 542669,718988402,babati magharibi @tag.or.tz,1,2019-01-01,12:38:00,19/05/2015 12:38
260,37,14,BABATI MASHARIKI ,BABATI MASHARIKI ,P.O.Box 542671,718988404,babati mashariki @tag.or.tz,1,2019-01-01,12:38:00,19/05/2015 12:38
261,37,1,BABATI MJINI ,BABATI MJINI ,P.O.Box 542673,718988406,babati mjini @tag.or.tz,1,2019-01-01,11:12:00,19/05/2015 10:14
262,37,2,BASHNET MAGHARIBI ,BASHNET MAGHARIBI ,P.O.Box 542675,718988408,bashnet magharibi @tag.or.tz,1,2019-01-01,18:07:00,19/05/2012 18:07
263,37,3,BASHNET MASHARIKI ,BASHNET MASHARIKI ,P.O.Box 542677,718988410,bashnet mashariki @tag.or.tz,1,2019-01-01,10:15:00,19/05/2015 10:15
264,37,5,HANANG KUSINI ,HANANG KUSINI ,P.O.Box 542679,718988412,hanang kusini @tag.or.tz,1,2019-01-01,10:16:00,19/05/2015 10:16
265,37,4,HANANG MAGHARIBI ,HANANG MAGHARIBI ,P.O.Box 542681,718988414,hanang magharibi @tag.or.tz,1,2019-01-01,10:16:00,19/05/2015 10:16
266,37,6,HANANG MASHARIKI ,HANANG MASHARIKI ,P.O.Box 542683,718988416,hanang mashariki @tag.or.tz,1,2019-01-01,10:17:00,19/05/2015 10:17
267,37,8,KATESH ,KATESH ,P.O.Box 542685,718988418,katesh @tag.or.tz,1,2019-01-01,10:18:00,19/05/2015 10:18
268,37,7,KIRU ,KIRU ,P.O.Box 542687,718988420,kiru @tag.or.tz,1,2019-01-01,10:18:00,19/05/2015 10:18
269,37,9,MAGUGU KASKAZINI ,MAGUGU KASKAZINI ,P.O.Box 542689,718988422,magugu kaskazini @tag.or.tz,1,2019-01-01,10:19:00,19/05/2015 10:19
270,37,10,MAGUGU KUSINI ,MAGUGU KUSINI ,P.O.Box 542691,718988424,magugu kusini @tag.or.tz,1,2019-01-01,10:19:00,19/05/2015 10:19
271,37,11,SIMBAY ,SIMBAY ,P.O.Box 542693,718988426,simbay @tag.or.tz,1,2019-01-01,12:01:00,19/05/2015 12:01
272,38,1,DAUDI,DAUDI,P.O.Box 542695,718988428,daudi@tag.or.tz,1,2019-01-01,12:02:00,19/05/2015 12:02
273,38,2,DINAMU ,DINAMU ,P.O.Box 542697,718988430,dinamu @tag.or.tz,1,2019-01-01,12:02:00,19/05/2015 12:02
274,38,3,DONGOBESH ,DONGOBESH ,P.O.Box 542699,718988432,dongobesh @tag.or.tz,1,2019-01-01,12:03:00,19/05/2015 12:03
275,38,4,HAYDOM ,HAYDOM ,P.O.Box 542701,718988434,haydom @tag.or.tz,1,2019-01-01,12:03:00,19/05/2015 12:03
276,38,5,IMBORU ,IMBORU ,P.O.Box 542703,718988436,imboru @tag.or.tz,1,2019-01-01,12:04:00,19/05/2015 12:04
277,38,7,LABAY ,LABAY ,P.O.Box 542705,718988438,labay @tag.or.tz,1,2019-01-01,12:06:00,19/05/2015 12:06
278,38,6,MASIEDA,MASIEDA,P.O.Box 542707,718988440,masieda@tag.or.tz,1,2019-01-01,12:06:00,19/05/2015 12:06
279,38,8,MASQAREDA,MASQAREDA,P.O.Box 542709,718988442,masqareda@tag.or.tz,1,2019-01-01,12:07:00,19/05/2015 12:07
280,38,9,MBULU MJINI ,MBULU MJINI ,P.O.Box 542711,718988444,mbulu mjini @tag.or.tz,1,2019-01-01,12:23:00,19/05/2015 12:23
281,38,10,NAMBIS ,NAMBIS ,P.O.Box 542713,718988446,nambis @tag.or.tz,1,2019-01-01,12:23:00,19/05/2015 12:23
282,38,11,SOHEDA ,SOHEDA ,P.O.Box 542715,718988448,soheda @tag.or.tz,1,2019-01-01,12:24:00,19/05/2015 12:24
283,38,12,TITIWI ,TITIWI ,P.O.Box 542717,718988450,titiwi @tag.or.tz,1,2019-01-01,12:24:00,19/05/2015 12:24
284,38,13,YAEDA CHINI ,YAEDA CHINI ,P.O.Box 542719,718988452,yaeda chini @tag.or.tz,1,2019-01-01,12:25:00,19/05/2015 12:25
285,39,1,EMBORET ,EMBORET ,P.O.Box 542721,718988454,emboret @tag.or.tz,1,2019-01-01,12:25:00,19/05/2015 12:26
286,39,2,MERERANI ,MERERANI ,P.O.Box 542723,718988456,mererani @tag.or.tz,1,2019-01-01,12:26:00,19/05/2015 12:26
287,39,3,NABERERA ,NABERERA ,P.O.Box 542725,718988458,naberera @tag.or.tz,1,2019-01-01,12:27:00,19/05/2015 12:27
288,39,4,NGAGE ,NGAGE ,P.O.Box 542727,718988460,ngage @tag.or.tz,1,2019-01-01,12:32:00,19/05/2015 12:32
289,39,5,NYUMBA YA MUNGU ,NYUMBA YA MUNGU ,P.O.Box 542729,718988462,nyumba ya mungu @tag.or.tz,1,2019-01-01,12:33:00,19/05/2015 12:33
290,39,6,ORKESUMET ,ORKESUMET ,P.O.Box 542731,718988464,orkesumet @tag.or.tz,1,2019-01-01,12:33:00,19/05/2015 12:33
291,39,7,TERAT ,TERAT ,P.O.Box 542733,718988466,terat @tag.or.tz,1,2019-01-01,12:34:00,19/05/2015 12:34
292,40,1,GEZAULOLE,GEZAULOLE,P.O.Box 542735,718988468,gezaulole@tag.or.tz,1,2019-01-01,12:35:00,19/05/2015 12:35
293,40,2,KIMBIJI,KIMBIJI,P.O.Box 542737,718988470,kimbiji@tag.or.tz,1,2019-01-01,12:35:00,19/05/2015 12:35
294,40,3,MJI MWEMA,MJI MWEMA,P.O.Box 542739,718988472,mji mwema@tag.or.tz,1,2019-01-01,12:36:00,19/05/2015 12:36
295,40,4,MWASONGA,MWASONGA,P.O.BOX 542741,718988474,mwasonga@tag.or.tz,1,2019-01-01,12:37:00,20/07/2020 11:23
296,40,5,TOANGOMA,TOANGOMA,P.O.Box 542743,718988476,toangoma@tag.or.tz,1,2019-01-01,12:38:00,19/05/2015 12:38
297,41,3,LIWALE,LIWALE,P.O.Box 542745,718988478,liwale@tag.or.tz,1,2019-01-01,12:38:00,19/05/2015 12:38
298,41,1,NACHINGWEA ,NACHINGWEA ,P.O.Box 542747,718988480,nachingwea @tag.or.tz,1,2019-01-01,11:12:00,19/05/2015 10:14
299,41,2,RUANGWA ,RUANGWA ,P.O.Box 542749,718988482,ruangwa @tag.or.tz,1,2019-01-01,18:07:00,19/05/2012 18:07
300,42,1,KILWA KASKAZINI,KILWA KASKAZINI,P.O.Box 542751,718988484,kilwa kaskazini@tag.or.tz,1,2019-01-01,10:15:00,19/05/2015 10:15
301,42,2,KILWA KUSINI,KILWA KUSINI,P.O.Box 542753,718988486,kilwa kusini@tag.or.tz,1,2019-01-01,10:16:00,19/05/2015 10:16
302,42,3,LINDI MJINI,LINDI MJINI,P.O.Box 542755,718988488,lindi mjini@tag.or.tz,1,2019-01-01,10:16:00,19/05/2015 10:16
303,42,4,LINDI VIJIJINI,LINDI VIJIJINI,P.O.Box 542757,718988490,lindi vijijini@tag.or.tz,1,2019-01-01,10:17:00,19/05/2015 10:17
304,43,1,KIMARA KASKAZINI,KIMARA KASKAZINI,P.O.Box 542759,718988492,kimara kaskazini@tag.or.tz,1,2019-01-01,10:18:00,19/05/2015 10:18
305,43,2,KIMARA KUSINI,KIMARA KUSINI,P.O.Box 542761,718988494,kimara kusini@tag.or.tz,1,2019-01-01,10:18:00,19/05/2015 10:18
306,43,3,KINONDONI,KINONDONI,P.O.Box 542763,718988496,kinondoni@tag.or.tz,1,2019-01-01,10:19:00,19/05/2015 10:19
307,43,4,MAGOMENI,MAGOMENI,P.O.Box 542765,718988498,magomeni@tag.or.tz,1,2019-01-01,10:19:00,19/05/2015 10:19
308,43,5,MBEZI,MBEZI,P.O.Box 542767,718988500,mbezi@tag.or.tz,1,2019-01-01,12:01:00,19/05/2015 12:01
309,44,1,AIRPORT ,AIRPORT ,P.O.Box 542769,718988502,airport @tag.or.tz,1,2019-01-01,12:02:00,19/05/2015 12:02
310,44,2,BONYOKWA ,BONYOKWA ,P.O.Box 542771,718988504,bonyokwa @tag.or.tz,1,2019-01-01,12:02:00,19/05/2015 12:02
311,44,3,BUYUNI ,BUYUNI ,P.O.Box 542773,718988506,buyuni @tag.or.tz,1,2019-01-01,12:03:00,19/05/2015 12:03
312,44,4,CHANIKA ,CHANIKA ,P.O.Box 542775,718988508,chanika @tag.or.tz,1,2019-01-01,12:03:00,19/05/2015 12:03
313,44,5,CHOLE ,CHOLE ,P.O.Box 542777,718988510,chole @tag.or.tz,1,2019-01-01,12:04:00,19/05/2015 12:04
314,44,7,HOMBOZA ,HOMBOZA ,P.O.Box 542779,718988512,homboza @tag.or.tz,1,2019-01-01,12:06:00,19/05/2015 12:06
315,44,6,ILALA ,ILALA ,P.O.Box 542781,718988514,ilala @tag.or.tz,1,2019-01-01,12:06:00,19/05/2015 12:06
316,44,8,KIBUTA ,KIBUTA ,P.O.Box 542783,718988516,kibuta @tag.or.tz,1,2019-01-01,12:07:00,19/05/2015 12:07
317,44,9,KINYEREZI ,KINYEREZI ,P.O.Box 542785,718988518,kinyerezi @tag.or.tz,1,2019-01-01,12:23:00,19/05/2015 12:23
318,44,10,KISARAWE ,KISARAWE ,P.O.Box 542787,718988520,kisarawe @tag.or.tz,1,2019-01-01,12:23:00,19/05/2015 12:23
319,44,12,KITUNDA ,KITUNDA ,P.O.Box 542789,718988522,kitunda @tag.or.tz,1,2019-01-01,12:24:00,19/05/2015 12:24
320,44,11,KIVULE ,KIVULE ,P.O.Box 542791,718988524,kivule @tag.or.tz,1,2019-01-01,12:24:00,19/05/2015 12:24
321,44,13,MAJOHE ,MAJOHE ,P.O.Box 542793,718988526,majohe @tag.or.tz,1,2019-01-01,12:25:00,19/05/2015 12:25
322,44,14,MANEROMANGO ,MANEROMANGO ,P.O.Box 542795,718988528,maneromango @tag.or.tz,1,2019-01-01,12:25:00,19/05/2015 12:26
323,44,15,MASAKI ,MASAKI ,P.O.Box 542797,718988530,masaki @tag.or.tz,1,2019-01-01,12:26:00,19/05/2015 12:26
324,44,16,MSONGOLA ,MSONGOLA ,P.O.Box 542799,718988532,msongola @tag.or.tz,1,2019-01-01,12:27:00,19/05/2015 12:27
325,44,17,MZENGA ,MZENGA ,P.O.Box 542801,718988534,mzenga @tag.or.tz,1,2019-01-01,12:32:00,19/05/2015 12:32
326,44,18,PUGU ,PUGU ,P.O.Box 542803,718988536,pugu @tag.or.tz,1,2019-01-01,12:33:00,19/05/2015 12:33
327,44,19,TABATA ,TABATA ,P.O.Box 542805,718988538,tabata @tag.or.tz,1,2019-01-01,12:33:00,19/05/2015 12:33
328,44,20,UKONGA ,UKONGA ,P.O.Box 542807,718988540,ukonga @tag.or.tz,1,2019-01-01,12:34:00,19/05/2015 12:34
329,45,2,KIBITI ,KIBITI ,P.O.Box 542809,718988542,kibiti @tag.or.tz,1,2019-01-01,12:35:00,19/05/2015 12:35
330,45,3,MAFIA ,MAFIA ,P.O.Box 542811,718988544,mafia @tag.or.tz,1,2019-01-01,12:35:00,19/05/2015 12:35
331,45,4,MBAGALA ,MBAGALA ,P.O.Box 542813,718988546,mbagala @tag.or.tz,1,2019-01-01,12:36:00,19/05/2015 12:36
332,45,5,MKURANGA ,MKURANGA ,P.O.Box 542815,718988548,mkuranga @tag.or.tz,1,2019-01-01,12:37:00,19/05/2015 12:37
333,45,6,RUFIJI ,RUFIJI ,P.O.Box 542817,718988550,rufiji @tag.or.tz,1,2019-01-01,12:38:00,19/05/2015 12:38
334,45,7,TEMEKE  DSM,TEMEKE  DSM,P.O.Box 542819,718988552,temeke  dsm@tag.or.tz,1,2019-01-01,12:38:00,19/05/2015 12:38
335,45,1,VIKINDU ,VIKINDU ,P.O.Box 542821,718988554,vikindu @tag.or.tz,1,2019-01-01,11:12:00,19/05/2015 10:14
336,46,1,LULINDI ,LULINDI ,P.O.Box 542823,718988556,lulindi @tag.or.tz,1,2019-01-01,18:07:00,19/05/2012 18:07
337,46,2,MASASI ,MASASI ,P.O.Box 542825,718988558,masasi @tag.or.tz,1,2019-01-01,10:15:00,19/05/2015 10:15
338,46,3,MASAI KASKAZINI,MASAI KASKAZINI,P.O.Box 542827,718988560,masai kaskazini@tag.or.tz,1,2019-01-01,10:16:00,19/05/2015 10:16
339,46,4,NANYUMBU ,NANYUMBU ,P.O.Box 542829,718988562,nanyumbu @tag.or.tz,1,2019-01-01,10:16:00,19/05/2015 10:16
340,46,5,NDANDA ,NDANDA ,P.O.Box 542831,718988564,ndanda @tag.or.tz,1,2019-01-01,10:17:00,19/05/2015 10:17
341,46,6,NEWALA ,NEWALA ,P.O.Box 542833,718988566,newala @tag.or.tz,1,2019-01-01,10:18:00,19/05/2015 10:18
342,47,1,MTWARA MANISPAA/MIKINDANI,MTWARA MANISPAA/MIKINDANI,P.O.Box 542835,718988568,mtwara manispaa/mikindani@tag.or.tz,1,2019-01-01,10:18:00,19/05/2015 10:18
343,47,2,MTWARA VIJIJINI KASKAZINI,MTWARA VIJIJINI KASKAZINI,P.O.Box 542837,718988570,mtwara vijijini kaskazini@tag.or.tz,1,2019-01-01,10:19:00,19/05/2015 10:19
344,47,3,MTWARA VIJINI KUSINI,MTWARA VIJINI KUSINI,P.O.Box 542839,718988572,mtwara vijini kusini@tag.or.tz,1,2019-01-01,10:19:00,19/05/2015 10:19
345,47,4,TANDAHIMBAKASKAZINI,TANDAHIMBAKASKAZINI,P.O.Box 542841,718988574,tandahimbakaskazini@tag.or.tz,1,2019-01-01,12:01:00,19/05/2015 12:01
346,47,5,TANDAHIMBA KUSINI ,TANDAHIMBA KUSINI ,P.O.Box 542843,718988576,tandahimba kusini @tag.or.tz,1,2019-01-01,12:02:00,19/05/2015 12:02
347,48,1,CHALINZE,CHALINZE,P.O.Box 542845,718988578,chalinze@tag.or.tz,1,2019-01-01,12:02:00,19/05/2015 12:02
348,48,2,KIBAHA KASKAZINI,KIBAHA KASKAZINI,P.O.Box 542847,718988580,kibaha kaskazini@tag.or.tz,1,2019-01-01,12:03:00,19/05/2015 12:03
349,48,3,KIBAHA KUSINI,KIBAHA KUSINI,P.O.Box 542849,718988582,kibaha kusini@tag.or.tz,1,2019-01-01,12:03:00,19/05/2015 12:03
350,48,4,KIBAMBA KASKAZINI,KIBAMBA KASKAZINI,P.O.Box 542851,718988584,kibamba kaskazini@tag.or.tz,1,2019-01-01,12:04:00,19/05/2015 12:04
351,48,6,KIBAMBA KUSINI,KIBAMBA KUSINI,P.O.Box 542853,718988586,kibamba kusini@tag.or.tz,1,2019-01-01,12:06:00,19/05/2015 12:06
352,48,5,KONGOWE,KONGOWE,P.O.Box 542855,718988588,kongowe@tag.or.tz,1,2019-01-01,12:06:00,19/05/2015 12:06
353,48,7,MBWEWE,MBWEWE,P.O.Box 542857,718988590,mbwewe@tag.or.tz,1,2019-01-01,12:07:00,19/05/2015 12:07
354,48,8,MLANDIZI,MLANDIZI,P.O.Box 542859,718988592,mlandizi@tag.or.tz,1,2019-01-01,12:23:00,19/05/2015 12:23
355,48,9,UBENA ZOMOZI,UBENA ZOMOZI,P.O.BOX 542861,786441244,ubenazomozi@tag.or.tz,1,2019-01-01,12:23:00,03/06/2020 11:28
356,49,1,HAGATI ,HAGATI ,P.O.Box 542863,718988596,hagati @tag.or.tz,1,2019-01-01,12:24:00,19/05/2015 12:24
357,49,2,KIGONSERA ,KIGONSERA ,P.O.Box 542865,718988598,kigonsera @tag.or.tz,1,2019-01-01,12:24:00,19/05/2015 12:24
358,49,3,KINGERIKITI ,KINGERIKITI ,P.O.Box 542867,718988600,kingerikiti @tag.or.tz,1,2019-01-01,12:25:00,19/05/2015 12:25
359,49,4,LITEMBO ,LITEMBO ,P.O.Box 542869,718988602,litembo @tag.or.tz,1,2019-01-01,12:25:00,19/05/2015 12:26
360,49,5,LUKALASI ,LUKALASI ,P.O.Box 542871,718988604,lukalasi @tag.or.tz,1,2019-01-01,12:26:00,19/05/2015 12:26
361,49,6,MAGUU ,MAGUU ,P.O.Box 542873,718988606,maguu @tag.or.tz,1,2019-01-01,12:27:00,19/05/2015 12:27
362,49,7,MATIRI ,MATIRI ,P.O.Box 542875,718988608,matiri @tag.or.tz,1,2019-01-01,12:32:00,19/05/2015 12:32
363,49,9,MBAMBABAY ,MBAMBABAY ,P.O.Box 542877,718988610,mbambabay @tag.or.tz,1,2019-01-01,12:33:00,19/05/2015 12:33
364,49,8,MBINGA MJINI  ,MBINGA MJINI  ,P.O.Box 542879,718988612,mbinga mjini  @tag.or.tz,1,2019-01-01,12:33:00,19/05/2015 12:33
365,49,10,MKUMBI ,MKUMBI ,P.O.Box 542881,718988614,mkumbi @tag.or.tz,1,2019-01-01,12:34:00,19/05/2015 12:34
366,49,11,MPAPA ,MPAPA ,P.O.Box 542883,718988616,mpapa @tag.or.tz,1,2019-01-01,12:35:00,19/05/2015 12:35
367,49,12,MPEPAI ,MPEPAI ,P.O.Box 542885,718988618,mpepai @tag.or.tz,1,2019-01-01,12:35:00,19/05/2015 12:35
368,49,13,NYASA KASKAZINI ,NYASA KASKAZINI ,P.O.Box 542887,718988620,nyasa kaskazini @tag.or.tz,1,2019-01-01,12:36:00,19/05/2015 12:36
369,49,14,NYASA KUSINI ,NYASA KUSINI ,P.O.Box 542889,718988622,nyasa kusini @tag.or.tz,1,2019-01-01,12:37:00,19/05/2015 12:37
370,49,15,RUANDA ,RUANDA ,P.O.Box 542891,718988624,ruanda @tag.or.tz,1,2019-01-01,12:38:00,19/05/2015 12:38
371,50,8,NAMTUMBO ,NAMTUMBO ,P.O.Box 542893,718988626,namtumbo @tag.or.tz,1,2019-01-01,12:38:00,19/05/2015 12:38
372,72,1,PERAMIHO MAGHARIBI ,PERAMIHO MAGHARIBI ,P.O.BOX 542895,718988628,,1,2019-01-01,11:12:00,12/10/2021 10:16
373,72,2,PERAMIHO MASHARIKI ,PERAMIHO MASHARIKI ,P.O.BOX 542897,718988630,,1,2019-01-01,18:07:00,12/10/2021 10:30
374,72,3,RUVUMA KASKAZINI ,RUVUMA KASKAZINI ,P.O.BOX 542899,718988632,,1,2019-01-01,10:15:00,12/10/2021 10:18
375,72,4,RUVUMA KUSINI ,RUVUMA KUSINI ,P.O.BOX 542901,718988634,,1,2019-01-01,10:16:00,12/10/2021 10:19
376,72,5,SONGEA MAGHARIBI ,SONGEA MAGHARIBI ,P.O.BOX 542903,718988636,,1,2019-01-01,10:16:00,12/10/2021 10:23
377,72,6,SONGEA MASHARIKI ,SONGEA MASHARIKI ,P.O.BOX 542905,718988638,,1,2019-01-01,10:17:00,12/10/2021 10:28
378,72,7,TUNDURU ,TUNDURU ,P.O.BOX 542907,718988640,,1,2019-01-01,10:18:00,12/10/2021 10:29
379,51,1,CHUNYA ,CHUNYA ,P.O.Box 542909,718988642,chunya @tag.or.tz,1,2019-01-01,10:18:00,19/05/2015 10:18
380,51,2,CHUNYA KASKAZINI ,CHUNYA KASKAZINI ,P.O.Box 542911,718988644,chunya kaskazini @tag.or.tz,1,2019-01-01,10:19:00,19/05/2015 10:19
381,51,3,CHUNYA KATI ,CHUNYA KATI ,P.O.Box 542913,718988646,chunya kati @tag.or.tz,1,2019-01-01,10:19:00,19/05/2015 10:19
382,51,4,CHUNYA MAGHARIBI ,CHUNYA MAGHARIBI ,P.O.Box 542915,718988648,chunya magharibi @tag.or.tz,1,2019-01-01,12:01:00,19/05/2015 12:01
383,51,5,CHUNYA MASHARIKI ,CHUNYA MASHARIKI ,P.O.Box 542917,718988650,chunya mashariki @tag.or.tz,1,2019-01-01,12:02:00,19/05/2015 12:02
384,51,6,LUPA,LUPA,P.O.Box 542919,718988652,lupa@tag.or.tz,1,2019-01-01,12:02:00,19/05/2015 12:02
385,51,7,SANGAMBI,SANGAMBI,P.O.Box 542921,718988654,sangambi@tag.or.tz,1,2019-01-01,12:03:00,19/05/2015 12:03
386,52,1,BONDENI MAGHARIBI ,BONDENI MAGHARIBI ,P.O.Box 542923,718988656,bondeni magharibi @tag.or.tz,1,2019-01-01,12:03:00,19/05/2015 12:03
387,52,2,BONDENI MASHARIKI ,BONDENI MASHARIKI ,P.O.Box 542925,718988658,bondeni mashariki @tag.or.tz,1,2019-01-01,12:04:00,19/05/2015 12:04
388,52,3,IBABA ,IBABA ,P.O.Box 542927,718988660,ibaba @tag.or.tz,1,2019-01-01,12:06:00,19/05/2015 12:06
389,52,4,IGALE ,IGALE ,P.O.Box 542929,718988662,igale @tag.or.tz,1,2019-01-01,12:06:00,19/05/2015 12:06
390,52,5,ILEMBO ,ILEMBO ,P.O.Box 542931,718988664,ilembo @tag.or.tz,1,2019-01-01,12:07:00,19/05/2015 12:07
391,52,7,ISUTO ,ISUTO ,P.O.Box 542933,718988666,isuto @tag.or.tz,1,2019-01-01,12:23:00,19/05/2015 12:23
392,52,6,IWINDI ,IWINDI ,P.O.Box 542935,718988668,iwindi @tag.or.tz,1,2019-01-01,12:23:00,19/05/2015 12:23
393,52,8,MBALIZI ,MBALIZI ,P.O.Box 542937,718988670,mbalizi @tag.or.tz,1,2019-01-01,12:24:00,19/05/2015 12:24
394,52,9,NGULILO ,NGULILO ,P.O.Box 542939,718988672,ngulilo @tag.or.tz,1,2019-01-01,12:24:00,19/05/2015 12:24
395,52,10,SANTILYA ,SANTILYA ,P.O.Box 542941,718988674,santilya @tag.or.tz,1,2019-01-01,12:25:00,19/05/2015 12:25
396,52,11,UTENGULE USONGWE,MSHEWE - KUSINI MAGHARIBI,P.O.BOX 542943,718988676,,1,2019-01-01,12:25:00,11/05/2022 08:21
397,53,6,CHIMALA,CHIMALA,P.O.Box 542945,718988678,chimala@tag.or.tz,1,2019-01-01,12:26:00,19/05/2015 12:26
398,53,7,IGOMA,IGOMA,P.O.Box 542947,718988680,igoma@tag.or.tz,1,2019-01-01,12:27:00,19/05/2015 12:27
399,53,8,ILOMBA,ILOMBA,P.O.Box 542949,718988682,ilomba@tag.or.tz,1,2019-01-01,12:32:00,19/05/2015 12:32
400,53,9,IWAMBI,IWAMBI,P.O.Box 542951,718988684,iwambi@tag.or.tz,1,2019-01-01,12:33:00,19/05/2015 12:33
401,53,10,IYUNGA,IYUNGA,P.O.Box 542953,718988686,iyunga@tag.or.tz,1,2019-01-01,12:33:00,19/05/2015 12:33
402,53,11,KALOBE,KALOBE,P.O.Box 542955,718988688,kalobe@tag.or.tz,1,2019-01-01,12:34:00,19/05/2015 12:34
403,53,12,KAWETILE,KAWETILE,P.O.Box 542957,718988690,kawetile@tag.or.tz,1,2019-01-01,12:35:00,19/05/2015 12:35
404,53,13,LWANJILO ,LWANJILO ,P.O.Box 542959,718988692,lwanjilo @tag.or.tz,1,2019-01-01,12:35:00,19/05/2015 12:35
405,53,14,MBARALI KATI ,MBARALI KATI ,P.O.Box 542961,718988694,mbarali kati @tag.or.tz,1,2019-01-01,12:36:00,19/05/2015 12:36
406,53,15,MBARALI MASHARIKI ,MBARALI MASHARIKI ,P.O.Box 542963,718988696,mbarali mashariki @tag.or.tz,1,2019-01-01,12:37:00,19/05/2015 12:37
407,53,16,MSWISWI,MSWISWI,P.O.Box 542965,718988698,mswiswi@tag.or.tz,1,2019-01-01,12:38:00,19/05/2015 12:38
408,53,17,MWANJELWA ,MWANJELWA ,P.O.Box 542967,718988700,mwanjelwa @tag.or.tz,1,2019-01-01,12:38:00,19/05/2015 12:38
409,53,1,RUANDA  ,RUANDA  ,P.O.Box 542969,718988702,ruanda  @tag.or.tz,1,2019-01-01,11:12:00,19/05/2015 10:14
410,53,2,SIMAMBWE,SIMAMBWE,P.O.Box 542971,718988704,simambwe@tag.or.tz,1,2019-01-01,18:07:00,19/05/2012 18:07
411,53,3,SOKOMATOLA  ,SOKOMATOLA  ,P.O.Box 542973,718988706,sokomatola  @tag.or.tz,1,2019-01-01,10:15:00,19/05/2015 10:15
412,53,5,UYOLE KATI ,UYOLE KATI ,P.O.Box 542975,718988708,uyole kati @tag.or.tz,1,2019-01-01,10:16:00,19/05/2015 10:16
413,53,4,UYOLE MAGHARIBI ,UYOLE MAGHARIBI ,P.O.Box 542977,718988710,uyole magharibi @tag.or.tz,1,2019-01-01,10:16:00,19/05/2015 10:16
414,54,1,BUSOKELO ,BUSOKELO ,P.O.Box 542979,718988712,busokelo @tag.or.tz,1,2019-01-01,10:17:00,19/05/2015 10:17
415,54,2,IPINDA ,IPINDA ,P.O.Box 542981,718988714,ipinda @tag.or.tz,1,2019-01-01,10:18:00,19/05/2015 10:18
416,54,3,KINYALA ,KINYALA ,P.O.Box 542983,718988716,kinyala @tag.or.tz,1,2019-01-01,10:18:00,19/05/2015 10:18
417,54,4,KYELA MAGHARIBI ,KYELA MAGHARIBI ,P.O.Box 542985,718988718,kyela magharibi @tag.or.tz,1,2019-01-01,10:19:00,19/05/2015 10:19
418,54,5,KYELA MJINI ,KYELA MJINI ,P.O.Box 542987,718988720,kyela mjini @tag.or.tz,1,2019-01-01,10:19:00,19/05/2015 10:19
419,54,6,MATEMA ,MATEMA ,P.O.Box 542989,718988722,matema @tag.or.tz,1,2019-01-01,12:01:00,19/05/2015 12:01
420,54,7,MILIMANI ,MILIMANI ,P.O.Box 542991,718988724,milimani @tag.or.tz,1,2019-01-01,12:02:00,19/05/2015 12:02
421,54,8,MWAKALELI ,MWAKALELI ,P.O.Box 542993,718988726,mwakaleli @tag.or.tz,1,2019-01-01,12:02:00,19/05/2015 12:02
422,54,10,NTABA ,NTABA ,P.O.Box 542995,718988728,ntaba @tag.or.tz,1,2019-01-01,12:03:00,19/05/2015 12:03
423,54,9,NTEBELA ,NTEBELA ,P.O.Box 542997,718988730,ntebela @tag.or.tz,1,2019-01-01,12:03:00,19/05/2015 12:03
424,54,11,RUNGWE KASKAZINI ,RUNGWE KASKAZINI ,P.O.Box 542999,718988732,rungwe kaskazini @tag.or.tz,1,2019-01-01,12:04:00,19/05/2015 12:04
425,54,12,UKUKWE,RUNGWE KATI,P.O.BOX 543001,718988734,,1,2019-01-01,12:06:00,08/06/2022 11:40
426,54,13,RUNGWE KUSINI ,RUNGWE KUSINI ,P.O.Box 543003,718988736,rungwe kusini @tag.or.tz,1,2019-01-01,12:06:00,19/05/2015 12:06
427,54,14,TUKUYU KASKAZINI ,TUKUYU KASKAZINI ,P.O.Box 543005,718988738,tukuyu kaskazini @tag.or.tz,1,2019-01-01,12:07:00,19/05/2015 12:07
428,54,15,TUKUYU MJINI ,TUKUYU MJINI ,P.O.Box 543007,718988740,tukuyu mjini @tag.or.tz,1,2019-01-01,12:23:00,19/05/2015 12:23
429,54,16,USHIRIKA ,USHIRIKA ,P.O.Box 543009,718988742,ushirika @tag.or.tz,1,2019-01-01,12:23:00,19/05/2015 12:23
430,55,1,IGWACHANYA ,IGWACHANYA ,P.O.Box 543011,718988744,igwachanya @tag.or.tz,1,2019-01-01,12:24:00,19/05/2015 12:24
431,55,2,IKUNA ,IKUNA ,P.O.Box 543013,718988746,ikuna @tag.or.tz,1,2019-01-01,12:24:00,19/05/2015 12:24
432,55,3,ISIMIKE,ISIMIKE,P.O.Box 543015,718988748,isimike@tag.or.tz,1,2019-01-01,12:25:00,19/05/2015 12:25
433,55,4,LUPEMBE ,LUPEMBE ,P.O.Box 543017,718988750,lupembe @tag.or.tz,1,2019-01-01,12:25:00,19/05/2015 12:26
434,55,5,MAKAMBAKO/ ISITUMIKE MAANA NDO MAKAMBAKO MASHARIKI,MAKAMBAKO,P.O.BOX 543019,718988752,makambo@tag.or.tz,1,2019-01-01,12:26:00,20/09/2022 07:04
435,55,6,MTWANGO ,MTWANGO ,P.O.Box 543021,718988754,mtwango @tag.or.tz,1,2019-01-01,12:27:00,19/05/2015 12:27
436,55,7,WANGING'OMBE  KUSINI,WANGING'OMBE  ,P.O.BOX 543023,718988756,wanging'ombekusini@tag.or.tz,1,2019-01-01,12:32:00,28/07/2021 12:19
437,56,1,BULONGWA ,BULONGWA ,P.O.Box 543025,718988758,bulongwa @tag.or.tz,1,2019-01-01,12:33:00,19/05/2015 12:33
438,56,2,KIBENA ,KIBENA ,P.O.Box 543027,718988760,kibena @tag.or.tz,1,2019-01-01,12:33:00,19/05/2015 12:33
439,56,3,LIGANGA  ,LIGANGA  ,P.O.Box 543029,718988762,liganga  @tag.or.tz,1,2019-01-01,12:34:00,19/05/2015 12:34
440,56,4,LUDEWA ,LUDEWA ,P.O.Box 543031,718988764,ludewa @tag.or.tz,1,2019-01-01,12:35:00,19/05/2015 12:35
441,56,5,MAKETE ,MAKETE ,P.O.Box 543033,718988766,makete @tag.or.tz,1,2019-01-01,12:35:00,19/05/2015 12:35
442,56,6,MLANGALI,MLANGALI,P.O.Box 543035,718988768,mlangali@tag.or.tz,1,2019-01-01,12:36:00,19/05/2015 12:36
443,56,7,NJOMBE ,NJOMBE ,P.O.Box 543037,718988770,njombe @tag.or.tz,1,2019-01-01,12:37:00,19/05/2015 12:37
444,56,8,TANDALA ,TANDALA ,P.O.Box 543039,718988772,tandala @tag.or.tz,1,2019-01-01,12:38:00,19/05/2015 12:38
445,56,9,UWEMBA,UWEMBA,P.O.Box 543041,718988774,uwemba@tag.or.tz,1,2019-01-01,12:38:00,19/05/2015 12:38
446,57,1,KALAMBO MAGHARIBI,KALAMBO MAGHARIBI,P.O.Box 543043,718988776,kalambo magharibi@tag.or.tz,1,2019-01-01,11:12:00,19/05/2015 10:14
447,57,2,KALAMBO MASHARIKI,KALAMBO MASHARIKI,P.O.Box 543045,718988778,kalambo mashariki@tag.or.tz,1,2019-01-01,18:07:00,19/05/2012 18:07
448,57,3,LAELA,LAELA,P.O.Box 543047,718988780,laela@tag.or.tz,1,2019-01-01,10:15:00,19/05/2015 10:15
449,57,4,LYANGALILE ,LYANGALILE ,P.O.Box 543049,718988782,lyangalile @tag.or.tz,1,2019-01-01,10:16:00,19/05/2015 10:16
450,57,5,MAMBWE KASKAZINI,MAMBWE KASKAZINI,P.O.Box 543051,718988784,mambwe kaskazini@tag.or.tz,1,2019-01-01,10:16:00,19/05/2015 10:16
451,57,6,MAMBWE KUSINI ,MAMBWE KUSINI ,P.O.Box 543053,718988786,mambwe kusini @tag.or.tz,1,2019-01-01,10:17:00,19/05/2015 10:17
452,57,7,NAMANYERE KASKAZINI- AINA WATU,NAMANYERE KASKAZINI ,P.O.BOX 543055,718988788,,1,2019-01-01,10:18:00,21/07/2022 09:36
453,57,8,NAMANYERE KUSINI ,NAMANYERE KUSINI ,P.O.Box 543057,718988790,namanyere kusini @tag.or.tz,1,2019-01-01,10:18:00,19/05/2015 10:18
454,58,1,BONDENI KASKAZINI  ,BONDENI KASKAZINI  ,P.O.Box 543059,718988792,bondeni kaskazini  @tag.or.tz,1,2019-01-01,10:19:00,19/05/2015 10:19
455,58,2,BONDENI KATI ,BONDENI KATI ,P.O.Box 543061,718988794,bondeni kati @tag.or.tz,1,2019-01-01,10:19:00,19/05/2015 10:19
456,58,3,BONDENI KUSINI,BONDENI KUSINI,P.O.Box 543063,718988796,bondeni kusini@tag.or.tz,1,2019-01-01,12:01:00,19/05/2015 12:01
457,58,4,KWELA ,KWELA ,P.O.Box 543065,718988798,kwela @tag.or.tz,1,2019-01-01,12:02:00,19/05/2015 12:02
458,58,5,NKASI ,NKASI ,P.O.Box 543067,718988800,nkasi @tag.or.tz,1,2019-01-01,12:02:00,19/05/2015 12:02
459,58,6,SUMBAWANGA KASKAZINI ,SUMBAWANGA KASKAZINI ,P.O.Box 543069,718988802,sumbawanga kaskazini @tag.or.tz,1,2019-01-01,12:03:00,19/05/2015 12:03
460,58,7,SUMBAWANGA KUSINI ,SUMBAWANGA KUSINI ,P.O.Box 543071,718988804,sumbawanga kusini @tag.or.tz,1,2019-01-01,12:03:00,19/05/2015 12:03
461,59,1,BULAMBYA ,BULAMBYA ,P.O.Box 543073,718988806,bulambya @tag.or.tz,1,2019-01-01,12:04:00,19/05/2015 12:04
462,59,2,BUNDALI ,BUNDALI ,P.O.Box 543075,718988808,bundali @tag.or.tz,1,2019-01-01,12:06:00,19/05/2015 12:06
463,59,3,IHANDA - MAGHARIBI,IHANDA ,P.O.BOX 543077,718988810,,1,2019-01-01,12:06:00,03/05/2022 10:02
464,59,4,MPEMBA,MPEMBA,P.O.BOX 543079,718988812,mpembe@tag.or.tz,1,2019-01-01,12:07:00,16/09/2021 09:42
465,59,5,MSANGANO ,MSANGANO ,P.O.Box 543081,718988814,msangano @tag.or.tz,1,2019-01-01,12:23:00,19/05/2015 12:23
466,59,6,NDALAMBO ,NDALAMBO ,P.O.Box 543083,718988816,ndalambo @tag.or.tz,1,2019-01-01,12:23:00,19/05/2015 12:23
467,59,7,TUNDUMA ,TUNDUMA ,P.O.Box 543085,718988818,tunduma @tag.or.tz,1,2019-01-01,12:24:00,19/05/2015 12:24
468,60,1,CHILULUMO ,CHILULUMO ,P.O.Box 543087,718988820,chilulumo @tag.or.tz,1,2019-01-01,12:24:00,19/05/2015 12:24
469,60,2,ITAKA ,ITAKA ,P.O.Box 543089,718988822,itaka @tag.or.tz,1,2019-01-01,12:25:00,19/05/2015 12:25
470,60,3,IYULA ,IYULA ,P.O.Box 543091,718988824,iyula @tag.or.tz,1,2019-01-01,12:25:00,19/05/2015 12:26
471,60,4,KAMSAMBA ,KAMSAMBA ,P.O.Box 543093,718988826,kamsamba @tag.or.tz,1,2019-01-01,12:26:00,19/05/2015 12:26
472,60,5,MAHENJE ,MAHENJE ,P.O.Box 543095,718988828,mahenje @tag.or.tz,1,2019-01-01,12:27:00,19/05/2015 12:27
473,60,6,MLOWO ,MLOWO ,P.O.Box 543097,718988830,mlowo @tag.or.tz,1,2019-01-01,12:32:00,19/05/2015 12:32
474,60,7,MSIYA ,MSIYA ,P.O.Box 543099,718988832,msiya @tag.or.tz,1,2019-01-01,12:33:00,19/05/2015 12:33
475,60,8,NYIMBILI ,NYIMBILI ,P.O.Box 543101,718988834,nyimbili @tag.or.tz,1,2019-01-01,12:33:00,19/05/2015 12:33
476,60,9,VWAWA ,VWAWA ,P.O.Box 543103,718988836,vwawa @tag.or.tz,1,2019-01-01,12:34:00,19/05/2015 12:34
477,61,3,INYONGA ,INYONGA ,P.O.Box 543105,718988838,inyonga @tag.or.tz,1,2019-01-01,12:35:00,19/05/2015 12:35
478,61,4,KABUNGU,KABUNGU,P.O.Box 543107,718988840,kabungu@tag.or.tz,1,2019-01-01,12:35:00,19/05/2015 12:35
479,61,5,MAMBA,MAMBA,P.O.Box 543109,718988842,mamba@tag.or.tz,1,2019-01-01,12:36:00,19/05/2015 12:36
480,61,6,MLELE ,MLELE ,P.O.Box 543111,718988844,mlele @tag.or.tz,1,2019-01-01,12:37:00,19/05/2015 12:37
481,61,7,MPANDA ,MPANDA ,P.O.Box 543113,718988846,mpanda @tag.or.tz,1,2019-01-01,12:38:00,19/05/2015 12:38
482,61,8,MPIMBWE,MPIMBWE,P.O.Box 543115,718988848,mpimbwe@tag.or.tz,1,2019-01-01,12:38:00,19/05/2015 12:38
483,61,1,NSIMBO,NSIMBO,P.O.Box 543117,718988850,nsimbo@tag.or.tz,1,2019-01-01,11:12:00,19/05/2015 10:14
484,61,2,TANGANYIKA ,TANGANYIKA ,P.O.Box 543119,718988852,tanganyika @tag.or.tz,1,2019-01-01,18:07:00,19/05/2012 18:07
485,62,1,KAKONKO ,KAKONKO ,P.O.Box 543121,718988854,kakonko @tag.or.tz,1,2019-01-01,10:15:00,19/05/2015 10:15
486,62,2,KIBONDO MJINI ,KIBONDO MJINI ,P.O.Box 543123,718988856,kibondo mjini @tag.or.tz,1,2019-01-01,10:16:00,19/05/2015 10:16
487,62,3,KIFURA ,KIFURA ,P.O.Box 543125,718988858,kifura @tag.or.tz,1,2019-01-01,10:16:00,19/05/2015 10:16
488,62,4,KITAHANA ,KITAHANA ,P.O.Box 543127,718988860,kitahana @tag.or.tz,1,2019-01-01,10:17:00,19/05/2015 10:17
489,62,5,MABAMBA ,MABAMBA ,P.O.Box 543129,718988862,mabamba @tag.or.tz,1,2019-01-01,10:18:00,19/05/2015 10:18
490,62,6,MUGUNZU ,MUGUNZU ,P.O.Box 543131,718988864,mugunzu @tag.or.tz,1,2019-01-01,10:18:00,19/05/2015 10:18
491,63,1,BUHIGWE ,BUHIGWE ,P.O.Box 543133,718988866,buhigwe @tag.or.tz,1,2019-01-01,10:19:00,19/05/2015 10:19
492,63,2,KASULU MJINI ,KASULU MJINI ,P.O.Box 543135,718988868,kasulu mjini @tag.or.tz,1,2019-01-01,10:19:00,19/05/2015 10:19
493,63,3,MAKERE ,MAKERE ,P.O.Box 543137,718988870,makere @tag.or.tz,1,2019-01-01,12:01:00,19/05/2015 12:01
494,63,4,NYAKITONTO ,NYAKITONTO ,P.O.Box 543139,718988872,nyakitonto @tag.or.tz,1,2019-01-01,12:02:00,19/05/2015 12:02
495,64,1,BUHINGU ,BUHINGU ,P.O.Box 543141,718988874,buhingu @tag.or.tz,1,2019-01-01,12:02:00,19/05/2015 12:02
496,64,2,ILAGALA ,ILAGALA ,P.O.Box 543143,718988876,ilagala @tag.or.tz,1,2019-01-01,12:03:00,19/05/2015 12:03
497,64,3,KIGOMA MJINI ,KIGOMA MJINI ,P.O.Box 543145,718988878,kigoma mjini @tag.or.tz,1,2019-01-01,12:03:00,19/05/2015 12:03
498,64,4,LUGUVU,LUGUVU,P.O.Box 543147,718988880,luguvu@tag.or.tz,1,2019-01-01,12:04:00,19/05/2015 12:04
499,64,5,SIGUNGA,SIGUNGA,P.O.Box 543149,718988882,sigunga@tag.or.tz,1,2019-01-01,12:06:00,19/05/2015 12:06
500,64,6,UVINZA ,UVINZA ,P.O.Box 543151,718988884,uvinza @tag.or.tz,1,2019-01-01,12:06:00,19/05/2015 12:06
501,65,1,KISHAPU MAGHARIBI ,KISHAPU MAGHARIBI ,P.O.Box 543153,718988886,kishapu magharibi @tag.or.tz,1,2019-01-01,12:07:00,19/05/2015 12:07
502,65,2,KISHAPU MASHARIKI ,KISHAPU MASHARIKI ,P.O.Box 543155,718988888,kishapu mashariki @tag.or.tz,1,2019-01-01,12:23:00,19/05/2015 12:23
503,65,3,SHINYANGA MJINI KASKAZINI,SHINYANGA MJINI KASKAZINI,P.O.Box 543157,718988890,shinyanga mjini kaskazini@tag.or.tz,1,2019-01-01,12:23:00,19/05/2015 12:23
504,65,4,SHINYANGA MJINI KATI ,SHINYANGA MJINI KATI ,P.O.Box 543159,718988892,shinyanga mjini kati @tag.or.tz,1,2019-01-01,12:24:00,19/05/2015 12:24
505,65,5,SHINYANGA MJINI KUSINI ,SHINYANGA MJINI KUSINI ,P.O.Box 543161,718988894,shinyanga mjini kusini @tag.or.tz,1,2019-01-01,12:24:00,19/05/2015 12:24
506,65,6,SHINYANGA VIJIJINI KASKAZINI MAGHARIBI,SHINYANGA VIJIJINI KASKAZINI MAGHARIBI,P.O.Box 543163,718988896,shinyanga vijijini kaskazini magharibi@tag.or.tz,1,2019-01-01,12:25:00,19/05/2015 12:25
507,65,7,SHINYANGA VIJIJINI KATI,SHINYANGA VIJIJINI KATI,P.O.Box 543165,718988898,shinyanga vijijini kati@tag.or.tz,1,2019-01-01,12:25:00,19/05/2015 12:26
508,65,8,SHINYANGA VIJIJINI  KUSINI MASHARIKI,SHINYANGA VIJIJINI  KUSINI MASHARIKI,P.O.Box 543167,718988900,shinyanga vijijini  kusini mashariki@tag.or.tz,1,2019-01-01,12:26:00,19/05/2015 12:26
509,65,9,SHINYANGA VIJIJINI MAGHARIBI ,SHINYANGA VIJIJINI MAGHARIBI ,P.O.Box 543169,718988902,shinyanga vijijini magharibi @tag.or.tz,1,2019-01-01,12:27:00,19/05/2015 12:27
510,66,1,KAHAMA  MASHARIKI ,KAHAMA  MASHARIKI ,P.O.Box 543171,718988904,kahama  mashariki @tag.or.tz,1,2019-01-01,12:32:00,19/05/2015 12:32
511,66,2,KAHAMA KASKAZINI ,KAHAMA KASKAZINI ,P.O.Box 543173,718988906,kahama kaskazini @tag.or.tz,1,2019-01-01,12:33:00,19/05/2015 12:33
512,66,3,KAHAMA KUSINI ,KAHAMA KUSINI ,P.O.Box 543175,718988908,kahama kusini @tag.or.tz,1,2019-01-01,12:33:00,19/05/2015 12:33
513,66,4,MSALALA  KASKAZINI ,MSALALA  KASKAZINI ,P.O.Box 543177,718988910,msalala  kaskazini @tag.or.tz,1,2019-01-01,12:34:00,19/05/2015 12:34
514,66,5,MSALALA  KUSINI ,MSALALA  KUSINI ,P.O.Box 543179,718988912,msalala  kusini @tag.or.tz,1,2019-01-01,12:35:00,19/05/2015 12:35
515,66,6,USHETU  MAGHARIBI ,USHETU  MAGHARIBI ,P.O.Box 543181,718988914,ushetu  magharibi @tag.or.tz,1,2019-01-01,12:35:00,19/05/2015 12:35
516,66,7,USHETU MASHARIKI ,USHETU MASHARIKI ,P.O.Box 543183,718988916,ushetu mashariki @tag.or.tz,1,2019-01-01,12:36:00,19/05/2015 12:36
517,67,6,IGUNGA KASKAZINI,IGUNGA KASKAZINI,P.O.Box 543185,718988918,igunga kaskazini@tag.or.tz,1,2019-01-01,12:37:00,19/05/2015 12:37
518,67,7,IGUNGA KUSINI,IGUNGA KUSINI,P.O.Box 543187,718988920,igunga kusini@tag.or.tz,1,2019-01-01,12:38:00,19/05/2015 12:38
519,67,8,CHIOMA,NKINGA KASKAZINI,P.O.BOX 543189,718988922,,1,2019-01-01,12:38:00,02/05/2023 08:22
520,67,1,NKINGA ,NKINGA KUSINI,P.O.BOX 543191,718988924,,1,2019-01-01,11:12:00,02/05/2023 08:20
521,67,2,NZEGA KUSINI,NZEGA KUSINI,P.O.Box 543193,718988926,nzega kusini@tag.or.tz,1,2019-01-01,18:07:00,19/05/2012 18:07
522,67,3,NZEGA KUSINI MAGHARIBI,NZEGA KUSINI MAGHARIBI,P.O.Box 543195,718988928,nzega kusini magharibi@tag.or.tz,1,2019-01-01,10:15:00,19/05/2015 10:15
523,67,4,NZEGA MAGHARIBI,NZEGA MAGHARIBI,P.O.Box 543197,718988930,nzega magharibi@tag.or.tz,1,2019-01-01,10:16:00,19/05/2015 10:16
524,67,5,NZEGA MASHARIKI,NZEGA MASHARIKI,P.O.Box 543199,718988932,nzega mashariki@tag.or.tz,1,2019-01-01,10:16:00,19/05/2015 10:16
525,68,1,CHEYO,CHEYO,P.O.Box 543201,718988934,cheyo@tag.or.tz,1,2019-01-01,10:17:00,19/05/2015 10:17
526,68,2,ILOLANGULU,ILOLANGULU,P.O.Box 543203,718988936,ilolangulu@tag.or.tz,1,2019-01-01,10:18:00,19/05/2015 10:18
527,68,3,KIZENGI,KIZENGI,P.O.Box 543205,718988938,kizengi@tag.or.tz,1,2019-01-01,10:18:00,19/05/2015 10:18
528,68,4,MIRAMBO,MIRAMBO,P.O.Box 543207,718988940,mirambo@tag.or.tz,1,2019-01-01,10:19:00,19/05/2015 10:19
529,68,5, SIKONGE, SIKONGE,P.O.Box 543209,718988942, sikonge@tag.or.tz,1,2019-01-01,10:19:00,19/05/2015 10:19
530,68,6,TABORA MANISPAA,TABORA MANISPAA,P.O.Box 543211,718988944,tabora manispaa@tag.or.tz,1,2019-01-01,12:01:00,19/05/2015 12:01
531,68,7,TUTUO,TUTUO,P.O.Box 543213,718988946,tutuo@tag.or.tz,1,2019-01-01,12:02:00,19/05/2015 12:02
532,68,8,USUNGU ,USUNGU ,P.O.Box 543215,718988948,usungu @tag.or.tz,1,2019-01-01,12:02:00,19/05/2015 12:02
533,68,9,UYUI,UYUI,P.O.Box 543217,718988950,uyui@tag.or.tz,1,2019-01-01,12:03:00,19/05/2015 12:03
534,69,1,KALIUA KUSINI,KALIUA KUSINI,P.O.Box 543219,718988952,kaliua kusini@tag.or.tz,1,2019-01-01,12:03:00,19/05/2015 12:03
535,69,2,KALIUA KASKAZINI,KALIUA KASKAZINI,P.O.Box 543221,718988954,kaliua kaskazini@tag.or.tz,1,2019-01-01,12:04:00,19/05/2015 12:04
536,69,3,KALIUA MAGHARIBI,KALIUA MAGHARIBI,P.O.Box 543223,718988956,kaliua magharibi@tag.or.tz,1,2019-01-01,12:06:00,19/05/2015 12:06
537,69,4,ULYANKULU,ULYANKULU,P.O.Box 543225,718988958,ulyankulu@tag.or.tz,1,2019-01-01,12:06:00,19/05/2015 12:06
538,69,5,URAMBO KASKAZINI,URAMBO KASKAZINI,P.O.Box 543227,718988960,urambo kaskazini@tag.or.tz,1,2019-01-01,12:07:00,19/05/2015 12:07
539,69,6,URAMBO KUSINI,URAMBO KUSINI,P.O.Box 543229,718988962,urambo kusini@tag.or.tz,1,2019-01-01,12:23:00,19/05/2015 12:23
540,69,7,URAMBO MAGHARIBI,URAMBO MAGHARIBI,P.O.Box 543231,718988964,urambo magharibi@tag.or.tz,1,2019-01-01,12:23:00,19/05/2015 12:23
541,69,8,USINGE,USINGE,P.O.Box 543233,718988966,usinge@tag.or.tz,1,2019-01-01,12:24:00,19/05/2015 12:24
542,69,9,USSOKE,USSOKE,P.O.Box 543235,718988968,ussoke@tag.or.tz,1,2019-01-01,12:24:00,19/05/2015 12:24
543,70,1,MISSION DEPARTMENT ,DODOMA,P.O.BOX 1760,79876543,,1,2019-01-01,00:52:55,20/07/2022 08:43
544,70,2,TAG HQ,TAG HEAD OFFICE UBUNGO,,222461914,,1,2019-01-01,04:25:18,12/03/2020 04:25
545,43,6,MAFIA,MAFIA,8427 DSM,754273768,mafia@tag.or.tz,4,2019-01-01,02:53:08,31/03/2020 02:53
546,48,10,NGERENGERE,NGERENGERE,47 NGERENGERE,786441244,ngerengere@tag.or.tz,4,2019-01-01,11:36:17,03/06/2020 11:36
547,36,6,ENGUSERO,ENGUSERO - KITETO,66 KIBAYA - KITETO MANYARA,768472077,ephatasimon68@gmail.com,1,2019-01-01,10:53:12,28/07/2020 10:53
548,71,1,LONGIDO,LONGIDO,LONGIDO - ARUSHA,789123363,longido@tag.or.tz,4,2019-01-01,14:27:46,12/08/2020 14:27
549,59,8,MWAKA,MWAKA - TUNDUMA,278 TUNDUMA,765886301,mwaka@tag.or.tz,4,2019-01-01,13:12:31,03/09/2020 13:12
550,71,2,ARUSHA AIRPORT,ARUSHA,14287 ARUSHA,752416789,arushaairport@tag.or.tz,4,2019-01-01,07:52:26,04/09/2020 07:52
551,71,3,ARUSHA CITY,ARUSHA,14287 ARUSHA,752416789,arushacity@tag.or.tz,4,2019-01-01,07:55:17,04/09/2020 07:55
552,71,4,NGARAMTONI,ARUSHA,14287 ARUSHA,752416789,ngaramtoni@tag.or.tz,4,2019-01-01,07:56:22,04/09/2020 07:56
553,71,5,MAKUYUNI,MAKUYUNI,13847 ARUSHA,752416789,makuyuni@tag.or.tz,4,2019-01-01,07:57:54,04/09/2020 07:57
554,71,6,O,A,14287 ARUSHA,752416789,oljoro@tag.or.tz,4,2019-01-01,08:00:43,20/10/2020 19:15
555,71,7,KISONGO,ARUSHA,14287 ARUSHA,752416789,kisongo@tag.or.tz,4,2019-01-01,08:01:28,04/09/2020 08:01
556,71,8,MONDULI MASHARIKI,MONDULI,14287 ARUSHA,752416789,mondulimashariki@tag.or.tz,4,2019-01-01,08:02:40,04/09/2020 08:02
557,71,9,MONDULI MAGHARIBI,MONDULI,14287 ARUSHA,752416789,mondulimagharibi@tag.or.tz,4,2019-01-01,08:04:26,04/09/2020 08:04
558,71,10,ARUSHA MAGHARIBI,ARUSHA,11240 ARUSHA,752416789,arushamagharibi@tag.or.tz,4,2019-01-01,08:06:01,04/09/2020 08:06
559,71,11,KIOGA,ARUSHA,11240 ARUSHA,752416789,kioga@tag.or.tz,4,2019-01-01,08:07:23,04/09/2020 08:07
560,71,12,LENGIJAVE,ARUSHA,11240 ARUSHA,752416789,lengijave@tag.or.tz,4,2019-01-01,08:08:21,04/09/2020 08:08
561,71,13,OLDONYOSAMBU,ARUSHA,11240 ARUSHA,752416789,oldonyosambu@tag.or.tz,4,2019-01-01,08:34:51,04/09/2020 08:34
562,57,9,SUMBAWANGA KATI,SUMBAWANGA,298 SUMBAWANGA- RUKWA,757447493,sumbawangakati@tag.or.tz,4,2019-01-01,06:28:25,17/09/2020 06:28
563,32,19,MBUGUNI,MBUGUNI,103 ARUSHA,762726018,mbuguni@tag.or.tz,4,2019-01-01,16:34:13,15/10/2020 16:34
564,71,14,OLJORO,OLJORO,1330 ARUSHA,752964922,oljoro@tag.or.tz,4,2019-01-01,19:12:56,20/10/2020 19:12
565,45,8,KIBITI KUSINI,KIBITI,33 KIBITI,715234318,oscarmkopuka@gmail.com,4,2019-01-01,07:46:13,03/12/2020 07:46
566,45,9,MBANDE,MBANDE - MASHARIKI KUSINI,104614,689602660,samsonmlwafu@gmail.com,4,2019-01-01,11:04:29,27/01/2021 11:04
567,45,10,MWANDEGE,MWANDEGE,DSM,656158103,,4,2019-01-01,09:52:18,02/02/2021 09:52
568,55,8,WANGINGO'MBE KASKAZINI,NJOMBE,BOX 99MAKAMBAKO,757727202,,12,2019-01-01,11:33:19,12/07/2021 11:33
569,45,11,MKAMBA,MASHARIKI KUSINI,8427 DSM,655021190,,5,2019-01-01,11:39:23,16/07/2021 11:39
570,60,10,IDIWILI ,IDIWILI ,,759332223,,12,2019-01-01,10:45:58,19/08/2021 10:45
571,31,14,ARASH ,ARASH,,623447388,,12,2019-01-01,07:18:27,06/09/2021 07:18
572,10,8,WEMBERE ,SINGIDA ,BOX 82SINGIDA ,687799508,,12,2019-01-01,08:39:39,06/09/2021 08:39
573,10,9,WEMBERE ,SINGIDA ,BOX 82SINGIDA ,687799508,,12,2019-01-01,08:39:53,06/09/2021 08:39
574,10,10,WEMBERE ,SINGIDA ,BOX 82SINGIDA ,687799508,,12,2019-01-01,08:40:04,06/09/2021 08:40
575,65,10,SAMUYE ,SAMUYE ,,763001262,,12,2019-01-01,11:53:58,07/09/2021 11:53
576,3,5,MTERA ,MTERA,,716546952,,12,2019-01-01,07:37:45,08/09/2021 07:37
577,1,3,KWAMTORO,DODOMA,,787547242,,5,2019-01-01,12:10:33,10/09/2021 12:10
578,51,8,CHUNYA MJINI ,CHUNYA ,,768863712,,12,2019-01-01,08:14:57,14/09/2021 08:14
579,28,13,NEGERO ,TANGA ,,745277729,,12,2019-01-01,09:24:34,17/09/2021 09:24
580,28,14,NEGERO ,TANGA ,,745277729,,12,2019-01-01,09:24:35,17/09/2021 09:24
581,50,9,MBESA,RUVUMA,5,752859016,,5,2019-01-01,08:46:52,12/10/2021 08:46
582,18,3,TARIME MASHARIKI,TARIME,,759795916,,5,2019-01-01,12:32:30,16/10/2021 12:32
583,18,4,TARIME MAGHARIBI,TARIME,,752736001,,5,2019-01-01,12:49:29,16/10/2021 12:49
584,12,7,GEITA MASHARIKI,GEITA,,764687908,,5,2019-01-01,14:06:37,16/10/2021 14:06
585,16,7,MUREBA MASHARIKI,MUREBA MASHARIKI ,,629055502,,12,2019-01-01,06:11:51,20/10/2021 06:11
586,15,6,BUKOBA VIJIJINI (V),BUKOBA,,766800239,,2,2019-01-01,12:32:19,25/10/2021 12:32
587,15,7,KYAMUTWALA,KAGERA KASKAZINI,,764850594,,2,2019-01-01,12:42:23,25/10/2021 12:42
588,17,10,KARAGWE KASKAZINI MASHARIKI,KAGERA MAGHARIBI,,753337207,,17,2019-01-01,09:11:58,26/10/2021 09:11
589,17,11,KARAGWE KASKAZINI MAGHARIBI,KAGERA MAGHARIBI,,623816462,,17,2019-01-01,09:13:42,26/10/2021 09:13
590,17,12,KARAGWE KUSINI MAGHARIBI,KAGERA MAGHARIBI,,788457744,,17,2019-01-01,09:14:36,26/10/2021 09:14
591,2,8,ITISO,DODOMA KATI,DODOMA,754803993,,1,2019-01-01,08:07:51,27/10/2021 08:07
592,14,5,MUGANZA,GEITA MAGHARIBI,,744469145,,17,2019-01-01,09:39:47,27/10/2021 09:39
593,20,8,NATTA,MARA MASHARIKI,,745457331,,7,2019-01-01,10:19:19,27/10/2021 10:19
594,14,6,KATORO-KATI,GEITA MAGHARIBI,,755147416,,17,2019-01-01,12:33:04,27/10/2021 12:33
595,14,7,BUTUNDWE KASKAZINI,GEITA MAGHARIBI,,759076326,,17,2019-01-01,12:33:48,27/10/2021 12:33
596,20,9,IKORONGO,MARA MASHARIKI,,765489129,,7,2019-01-01,13:09:08,27/10/2021 13:09
597,6,11,BWAKIRWA,MOROGORO KASKAZINI,,686011638,,2,2019-01-01,14:30:17,27/10/2021 14:30
598,6,12,DAKAWA,MOROGORO KASKAZINI,,682622996,,2,2019-01-01,06:18:43,28/10/2021 06:19
599,6,13,MELELA,MOROGORO KASKAZINI,,673003953,,2,2019-01-01,07:08:37,28/10/2021 07:08
600,4,15,BONDE LA UFA,IRINGA KASKAZINI,,742029823,,2,2019-01-01,10:34:51,28/10/2021 10:34
601,5,9,MAFINGA KASKAZINI,IRINGA KUSINI,,762018549,,17,2019-01-01,09:56:27,29/10/2021 09:56
602,4,16,MKWAWA,IRINGA KASKAZINI,,765544980,,2,2019-01-01,12:11:43,29/10/2021 12:11
603,5,10,IFUNDA ,IRINGA KUSINI ,,763730896,,12,2019-01-01,07:22:39,01/11/2021 07:22
604,26,7,BAGAMOYO MSATA,MASHARIKI KASKAZINI,,766440569,,18,2019-01-01,07:47:37,01/11/2021 07:47
605,64,7,LUGUFU,KIGOMA KUSINI,,743504147,,7,2019-01-01,08:01:38,01/11/2021 08:01
606,45,12,YOMBO,MASHARIKI KUSINI,,744737270,,19,2019-01-01,09:37:06,01/11/2021 09:37
607,48,11,KIBAMBA KATI,PWANI MAGHARIBI,,754209441,,7,2019-01-01,09:51:33,01/11/2021 09:51
608,67,9,NZEGA KUSINI MASHARIKI,TABORA KASKAZINI,,742640995,,15,2019-01-01,10:03:53,01/11/2021 10:03
609,43,7,KIMARA KUSINI,KIMARA KUSINI,,787114611,,19,2019-01-01,10:20:06,01/11/2021 10:20
610,48,12,KILUVYA,PWANI MAGHARIBI,,715903489,,19,2019-01-01,13:10:03,01/11/2021 13:10
611,57,10,NAMANYERE KASKAZINI - ,RUKWA MAGHARIBI,,757139400,,19,2019-01-01,13:24:33,21/07/2022 09:35
612,49,16,MBINGA,RUVUMA MAGHARIBI,,768052164,,15,2019-01-01,13:25:48,01/11/2021 13:25
613,36,7,KIMANA,KITETO,,683739937,,19,2019-01-01,13:59:35,23/05/2022 10:56
614,66,8,SHINYANGA KUSINI MASHARIKI,SHINYANGA KUSINI MASHARIKI,,782519522,,16,2019-01-01,09:12:51,02/11/2021 09:12
615,5,11,MAFINGA KUSINI,MAFINGA KUSINI,,754853224,,16,2019-01-01,11:22:08,02/11/2021 11:22
616,5,12,IDETE,IRINGA KUSINI,,759498148,,16,2019-01-01,05:06:23,03/11/2021 05:06
617,22,8,KWIMBA  KASKAZINI,KWIMBA KASKAZINI,,752828866,,16,2019-01-01,12:16:05,03/11/2021 12:16
618,7,15,LUMENO,MOROGORO KUSINI,,762910407,,7,2019-01-01,09:30:01,04/11/2021 09:30
619,18,5,KINESI,MARA KASKAZINI,,787406656,,7,2019-01-01,12:49:29,04/11/2021 12:49
620,6,14,KINGOKWIRA,MOROGORO KASKAZINI,,753207803,,2,2019-01-01,07:17:56,17/12/2021 07:17
621,57,11,KALAMBO KUSINI,RUKWA MAGHARIBI,,764477589,,2,2019-01-01,07:29:12,17/12/2021 07:29
622,57,12,KALAMBO KASKAZINI,RUKWA MAGHARIBI,,743482229,,2,2019-01-01,14:20:37,18/12/2021 14:20
623,33,5,SAME KASKAZINI,KILIMANJARO KUSINI,,763001262,,2,2019-01-01,14:38:46,10/01/2022 14:38
624,33,6,MWANGA KATI,KILIMANJARO KUSINI,,742673031,,2,2019-01-01,14:47:26,10/01/2022 14:47
625,6,15,KIBATI,MOROGORO KASKAZINI,,710286091,,2,2019-01-01,08:00:56,11/01/2022 08:00
626,65,11,MAGEUZI,SHINYANGA KASKAZINI,,762239022,,12,2019-01-01,14:07:18,15/01/2022 14:07
627,7,16,MLIMBA KATI,MOROGORO KUSINI,,763001262,,37,2019-01-01,06:13:19,03/02/2022 06:13
628,31,15,KARATU,ARUSHA MAGHARIBI,KARATU MAGHARIBI,752372250,,37,2019-01-01,06:30:29,17/03/2022 06:30
629,44,21,BONYOKWA KINYEREZI,MASHARIKI KATI KUSINI,P.O.BOX 40247,765079444,,37,2019-01-01,07:26:24,17/03/2022 07:26
630,37,16,DIRMA,MANYARA MAGHARIBI,SLP 172 KATESHI,684287387,,37,2019-01-01,10:06:05,17/03/2022 10:06
631,3,6,KIBAIGWA- KUSINI,KIBAIGWA,,628899808,,23,2019-01-01,09:38:10,22/03/2022 09:38
632,29,7,MICHUNGWANI,185MICHUNGWANI,,657560351,,37,2019-01-01,07:54:37,25/03/2022 07:54
633,29,8,BOMBANI,BOMBANI TANGA,,719377741,,37,2019-01-01,07:55:57,25/03/2022 07:55
634,29,9,PONGWE KUSINI,PONGWE TANGA MASHARIKI,,712774280,,37,2019-01-01,07:57:00,25/03/2022 07:57
635,56,10,NJOMBE MJINI,NJOMBE MJINI,,622702380,,37,2019-01-01,07:58:40,25/03/2022 07:58
636,34,11,MOSHI MSARANGA,MOSHI MSARANGA KILIMANJARO,,717693486,,37,2019-01-01,08:00:11,25/03/2022 08:00
637,29,10,MKWAKWANI,MKWAKWANI TANGA,,689331100,,37,2019-01-01,08:01:52,25/03/2022 08:01
638,29,11,MISOZWE,TANGA MASHARIKI,,714199809,,37,2019-01-01,08:25:36,29/03/2022 08:25
639,9,11,ULEMO,BOX 171 - KIOMBOI,,,,37,2019-01-01,11:42:23,31/03/2022 11:42
640,2,9,ZUZU,1383 ZUZU - DODOMA KATI,,745157726,,37,2019-01-01,08:26:08,04/04/2022 08:26
641,5,13,BOMA,261 BOMA - IRINGA KUSINI,,753026183,,37,2019-01-01,08:38:34,04/04/2022 08:38
642,1,4,PAHI,SLP 555 PAHI DODOMA KASKAZINI,,,,37,2019-01-01,10:34:27,04/04/2022 10:34
643,8,6,DUMILA,90 DUMIRA - MOROGORO,,624653600,,37,2019-01-01,06:28:26,05/04/2022 06:28
644,5,14,MDABULO,IRINGA KUSINI,MDABURO IRINGA KUSINI,752550858,,37,2019-01-01,11:57:09,06/04/2022 11:57
645,37,17,GEHANDU,MAMYARA MAGHARIBI,,,,37,2019-01-01,10:29:59,22/04/2022 10:29
646,26,8,KINONDONI,MASHARIKI KASKAZINI,,652393290,,37,2019-01-01,10:52:40,23/04/2022 10:52
647,54,17,KYELA KUSINI,KYELA,,,,37,2019-01-01,11:03:37,25/04/2022 11:03
648,9,12,DOROMONI,SINGIDA - DOROMONI,,785122794,,37,2019-01-01,11:31:13,25/04/2022 11:31
649,17,13,KARAGWE KUSINI MASHARIKI,255 KARAGWE KUSINI MASHARIKI,,626325246,,37,2019-01-01,06:56:41,27/04/2022 06:56
650,17,14,KYERWA KASKAZINI,567 KAGERA MAGHARIBI,,784949762,,37,2019-01-01,08:24:22,27/04/2022 08:24
651,52,12,NSALALA,KUSINI MAGHARIBI,,769242790,,37,2019-01-01,10:24:42,29/04/2022 10:24
652,56,11,ULEMBWE,NJOMBE KUSINI,,758975543,,37,2019-01-01,11:07:51,29/04/2022 11:07
653,53,18,SAE,MBEYA KASKAZINI,,694313920,,37,2019-01-01,11:20:27,29/04/2022 11:20
654,51,9,MAKONGOLOSI,CHUNYA  - MAKONGOROSI,,621830623,,37,2019-01-01,07:50:50,02/05/2022 07:50
655,60,11,ISANSA,ISANSA - SONGWE MASHARIKI,,,,37,2019-01-01,08:26:50,02/05/2022 08:26
656,16,8,KAMACHUMU,KAGERA KUSINI - KAMACHUMU,,,,37,2019-01-01,08:56:59,02/05/2022 08:56
657,16,9,IZIGO,KAGERA KUSINI - IZIGO,,762589947,,37,2019-01-01,09:00:51,02/05/2022 09:00
658,54,18,LWANGWA BUSOKELO,KANYELELE - MBEYA KUSINI,,757662755,,37,2019-01-01,10:07:52,02/05/2022 10:07
659,59,9,ITUMBA,SONGWE MAGHARIBI -ITUMBA,,762116723,,37,2019-01-01,11:05:57,02/05/2022 11:05
660,6,16,TURIAN,MOROGORO KASKAZIN-TURIAN,,,,37,2019-01-01,11:58:57,02/05/2022 11:58
661,6,17,KIROKA,MOROGORO KASKAZINI-KIROKA,,,,37,2019-01-01,12:02:10,02/05/2022 12:02
662,6,18,MOROGORO MJINI KASKAZINI,MOROGORO MJINI KASKAZINI-MOROGORO KASKAZIN,,,,37,2019-01-01,12:04:37,02/05/2022 12:04
663,54,19,MPOROTO,MPOROTO-MBEYA KUSINI,,755416945,,37,2019-01-01,12:07:35,02/05/2022 12:07
664,54,20,SELYA BUSOKELO,SELYA BUSOKELO-MBEYA KUSIN,,766274684,,37,2019-01-01,12:10:48,02/05/2022 12:10
665,54,21,NKUKWE,NKUKWE-MBEYA KUSINI,,,,37,2019-01-01,12:11:55,02/05/2022 12:11
666,54,22,KASUMULU,MBEYA-KASUMULU,,758719867,,37,2019-01-01,12:25:00,02/05/2022 12:25
667,7,17,MASAGAJI,MOROGORO KUSINI-MASAGAJI,,684125424,,37,2019-01-01,12:27:47,02/05/2022 12:27
668,54,23,PAKATI  INAWATU,PAKATI-MBEYA KUSINI,,769926120,,37,2019-01-01,12:29:10,08/06/2022 10:07
669,54,24,TUKUYU,TUKUYU,,755904160,,37,2019-01-01,12:30:22,10/05/2022 07:50
670,54,25,TUKUYU MGHARIBI,MEYA KUSINI-,,757440433,,37,2019-01-01,12:36:54,02/05/2022 12:36
671,54,26,KYELA KASKAZINI,MBEYA KUSINI-KYELA KASKAZINI,,754325408,,37,2019-01-01,12:38:20,02/05/2022 12:38
672,54,27,TUKUYU,MBEYA KUSINI-TUKUYU,,755904160,,37,2019-01-01,12:39:37,02/05/2022 12:39
673,54,28,NTEBELA,MBEYA KUSINI-NTEBELA,,755237358,,37,2019-01-01,12:41:08,02/05/2022 12:41
674,56,12,KIFANYA,NJOMBE KUSINI-KIFANYA,,,,37,2019-01-01,12:42:23,02/05/2022 12:42
675,56,13,MATAMBA,NJOMBE KUSINI-MATAMBA,,,,37,2019-01-01,12:43:22,02/05/2022 12:43
676,60,12,HALUNGU,SONGWE MASHARIKI - HALUNGU,SLP 135 SONGWE,766106389,,37,2019-01-01,05:56:34,03/05/2022 05:56
677,53,19,INYALA,MBEYA KASKAZINI - INYALA,,762038720,,37,2019-01-01,06:11:17,03/05/2022 06:11
678,59,10,IHANDA - MASHARIKI,SONGWE MAGHARIBI IHANDA,P.O.BOX 543077,742466218,,37,2019-01-01,10:03:28,03/05/2022 10:12
679,68,10,MWINYI,TABORA KUSINI,,753928184,,37,2019-01-01,12:23:19,03/05/2022 12:23
680,9,13,KINYANGIRI,SINGIDA KASKAZINI - KINYANGIRI,,748705347,,37,2019-01-01,10:58:16,04/05/2022 10:58
681,51,10,CHOKAA,CHUNYA - CHOKAA,,,,37,2019-01-01,12:30:02,04/05/2022 12:30
682,34,12,MAILISITA,KILIMANJARO MAGHARIBI -MAILISITA,,759353731,,37,2019-01-01,09:58:18,05/05/2022 09:58
683,25,5,MASWA KATI,SIMIYU KUSINI  -MASWA KATI,,768136019,,37,2019-01-01,10:11:31,05/05/2022 10:11
684,36,8,OLBOLOT,OLBOLOT - KITETO,,685530775,,37,2019-01-01,04:49:46,06/05/2022 04:49
685,72,8,MJI MPYA,RUVUMA KATI - MJI MPYA,,,,37,2019-01-01,08:13:02,06/05/2022 08:13
686,15,8,KYAMUTWALA,KAGERA KASKAZINI - KYAMUTWALA,,,,37,2019-01-01,08:14:17,06/05/2022 08:14
687,1,5,MTRIYANGWI,DODOMA KASKAZINI - MTRIYANGWI,,,,37,2019-01-01,10:48:32,07/05/2022 10:48
688,1,6,MTRIWIYANG,DODOMA KASKAZINI  MTRIYANGWI,,,,37,2019-01-01,10:50:33,07/05/2022 10:50
689,1,7,BEREKO,DODOMA KASKAZINI - BEREKO,,O657390794,,37,2019-01-01,08:39:55,09/05/2022 08:39
690,52,13,ITETE,KUSINI MAGHARIBI - ITETE,,768064686,,37,2019-01-01,09:28:45,09/05/2022 09:28
691,52,14,KANGA,KISINI MAGHARIBI - KANGA,,755695992,,37,2019-01-01,10:26:37,09/05/2022 10:26
692,32,20,BARAA,BARAA-ARUSHA MASHARIKI,,,,23,2019-01-01,15:12:25,09/05/2022 15:12
693,5,15,MDABULO - INA WATU,MDABULO-IRINGA KUSINI,MDABULO,,,23,2019-01-01,15:23:31,20/07/2022 10:18
694,5,16,KIBAO,KIBAO IRINGA KUSINI,,,,23,2019-01-01,16:03:22,09/05/2022 16:03
695,54,29,TUKUYU,TUKUYU MBEYA KUSINI,,,,23,2019-01-01,17:44:18,09/05/2022 17:44
696,34,13,MACHAME,MACHAME KILIMANJARO MAGHARIBI,,,,23,2019-01-01,18:16:14,09/05/2022 18:16
697,34,14,LONGUO KCMC,LONGUO KCMC KILIMANJARO MAGHARIBI,,,,23,2019-01-01,18:22:43,09/05/2022 18:22
698,54,30,NJEBELA,NJEBELA MBEYA KUSINI,,,,23,2019-01-01,18:31:42,09/05/2022 18:31
699,55,9,MALANGALI,MALANGALI NJOMBE KASKAZINI,,,,23,2019-01-01,04:46:08,10/05/2022 04:46
700,32,21,KINGORI ,KINGORI  ARUSHA MASHARIKI,,,,23,2019-01-01,05:31:08,10/05/2022 05:31
701,5,17,WASA,WASA  IRINGA KUSINI,,,,23,2019-01-01,05:46:16,10/05/2022 05:46
702,1,8,GOIMA,DODOMA KASKAZINI - GOIMA,,788865335,,37,2019-01-01,08:19:25,10/05/2022 08:19
703,52,15,SHIZUVI,SHIZUVI - KUSINI MAGHARIBI,,758502949,,37,2019-01-01,10:05:05,10/05/2022 10:05
704,35,5,VUNJO KATI,VUNJO KATI KILIMANJARO MASHARIKI,,,,23,2019-01-01,11:20:09,10/05/2022 11:20
705,36,9,NAMELOCK,NAMELOCK - KITETO,,786898440,,37,2019-01-01,12:15:05,10/05/2022 12:15
706,34,15,MOSHI KATI,MOSHI KATI KILIMANJARO MAGHARIBI,,,,23,2019-01-01,14:41:02,10/05/2022 14:41
707,33,7,SAME KUSINI,SAME - KILIMANJARO,,656727673,,37,2019-01-01,11:35:21,11/05/2022 11:35
708,15,9,BUKOBA MANISPAA  KASKAZIN,BUKOBA MANISPAA KASKAZINI  KAGERA KASKAZINI,,,,23,2019-01-01,11:45:46,11/05/2022 11:45
709,52,16,MSHEWE,MSHEWE,,765913485,,21,2019-01-01,05:34:36,12/05/2022 05:34
710,44,22,MANEROMANGO (AINA WATU),MANEROOMANGO,,688114966,,21,2019-01-01,06:05:54,12/07/2022 09:55
711,66,9,BULUNGWA,BULUNGWA,,678732343,,21,2019-01-01,06:08:48,12/05/2022 06:08
712,14,8,MGANZA,MGANZA,,,,21,2019-01-01,06:16:41,12/05/2022 06:16
713,72,9,MJIMPYA,MJIMPYA,,762399101,,21,2019-01-01,06:33:44,12/05/2022 06:33
714,51,11,GUA,GUA,,652014477,,21,2019-01-01,06:52:39,12/05/2022 06:52
715,35,6,ROMBO KATI,ROMBO KATI KILIMANJARO MASHARIKI,,,,23,2019-01-01,08:22:45,12/05/2022 08:22
716,52,17,IYUNGA,IYUNGA - KUSINI MAGHARIBI,,685903713,,37,2019-01-01,08:34:22,12/05/2022 08:34
717,27,10,BUNGU MAGHARIBI,BUNGU MAGHARIBI,,716277893,,21,2019-01-01,09:24:04,12/05/2022 09:24
718,15,10,KYAMUTWALA,KYAMUTWALA,,,,21,2019-01-01,09:48:37,12/05/2022 09:48
719,26,9,KEREGE,PWANI,,755079142,,24,2019-01-01,12:39:07,12/05/2022 12:39
720,36,10,MAKAME,MAKAME - KITETO,,,,37,2019-01-01,13:03:08,12/05/2022 13:03
721,71,15,MINJINGU,BABATI,,,,24,2019-01-01,13:22:11,12/05/2022 13:22
722,37,18,MASAKTA,MASAKTA - MANYARA MAGHARIBI,,782931402,,37,2019-01-01,07:31:06,13/05/2022 07:31
723,1,9,MONDO,MONDO DODOMA KASKAZINI,,,,23,2019-01-01,08:42:31,14/05/2022 08:42
724,1,10,MITIRYANGWI,MITIRYANGWI,,,,23,2019-01-01,12:09:38,14/05/2022 12:09
725,1,11,KIKORE,KIKORE DODOMA KASKAZINI,,,,23,2019-01-01,12:14:27,14/05/2022 12:14
726,1,12,SOYA,SOYA DODOMA KASKAZINI,,,,23,2019-01-01,12:27:36,14/05/2022 12:27
727,37,19,MULBADAW (HAINA MAKANISA),MANYARA MAGHARIBI,,,,24,2019-01-01,12:37:27,16/05/2022 12:51
728,37,20,ENDASAK,MANYARA MAGHARIBI,,624360368,,24,2019-01-01,12:38:31,16/05/2022 13:23
729,37,21,MULBADAW,MANYARA MAGHARIBI,,785628229,,24,2019-01-01,12:39:21,16/05/2022 12:39
730,37,22,DAWAR,MANYARA MAGHARIBI,,684327748,,24,2019-01-01,14:43:11,16/05/2022 14:43
731,37,23,BALANG'DA LALU,MANYARA MAGHARIBI,,742430927,,24,2019-01-01,15:09:00,16/05/2022 15:09
732,28,15,SONGE,SONGE - TANGA MAGHARIBI,,784365793,,37,2019-01-01,08:34:05,17/05/2022 08:34
733,35,7,ROMBO MASHARIKI,ROMBO MASHARIKI KILIMANJARO MASHARIKI,,,,23,2019-01-01,05:41:51,18/05/2022 05:41
734,33,8,MWANGA KUSINI,MWANGA KUSINI KILIMANJARO KUSINI,,,,23,2019-01-01,15:27:22,18/05/2022 15:27
735,27,11,MOMBO MASHARIKI,MOMBO MASHARIKI,,713033200,,21,2019-01-01,10:33:50,21/05/2022 10:33
736,27,12,MOMBO MAGHARIBI,MOMBO MAGHARIBI,,758277201,,21,2019-01-01,10:35:00,21/05/2022 10:35
737,36,11,DONGO,DONGO - KITETO,,685564712,,37,2019-01-01,12:40:13,21/05/2022 12:40
738,27,13,BUNGU MASHARIKI,BUNGU MASHARIKI,,715473827,,21,2019-01-01,07:21:02,23/05/2022 07:21
739,4,17,KISING'A NEW,KISING'A - IRINGA KASKAZINI ,,629325813,,37,2019-01-01,09:59:19,25/05/2022 09:59
740,4,18,ILULA,ILULA IRINGA KASKAZINI,,,,23,2019-01-01,04:41:03,26/05/2022 04:41
741,6,19,MKUNDI,MKUNDI MOROGORO KASKAZINI,,,,23,2019-01-01,16:14:59,30/05/2022 16:14
742,54,31,PAKATI,PAKATA MBEYA KUSINI  ,,769926120,,37,2019-01-01,09:51:27,08/06/2022 09:51
743,54,32,RUNGWE KATI,MBEYA KUSINI RUNGWE KATI,,,,23,2019-01-01,15:27:58,08/06/2022 15:27
744,60,13,MKOMBA ,MKOMBA SONGWE MASHARIKI,MKOMBA,,,23,2019-01-01,12:04:12,13/06/2022 12:04
745,60,14,IVUNA,IVUNA SONGWE MASHARIKI,IVUNA,,,23,2019-01-01,07:13:47,14/06/2022 07:13
746,45,13,CHARAMBE,CHARAMBE,,754462884,,21,2019-01-01,12:25:23,17/06/2022 12:25
747,45,14,KIMANZICHANA,KIMANZICHANA,,683473089,,24,2019-01-01,08:56:29,18/06/2022 08:56
748,45,15,TANDIKA,TANDIKA,,718813733,,24,2019-01-01,09:22:03,18/06/2022 09:22
749,57,13,MBINGA MAGHARIBI,MBINGA MAGHARIBI,,753748393,,21,2019-01-01,11:20:27,23/06/2022 11:20
750,49,17,MBINGA MAGHARIBI,MBINGA MAGHARIBI,,753748393,,21,2019-01-01,11:21:46,23/06/2022 11:21
751,72,10,SONGEA KATI,SONGEA KATI RUVUMA KATI,,,,23,2019-01-01,13:49:46,25/06/2022 13:49
752,70,3,EDUCATION DEPARTMENT,DODOMA,P.O.BOX 1760,,,37,2019-01-01,05:47:40,27/06/2022 05:47
753,70,4,HEAD OFFICE,DODOMA,P.O.BOX 1760,,,37,2019-01-01,05:49:34,27/06/2022 05:49
754,50,3,NAKAPANYA,NAKAPANYA RUVUMA MASHARIKI,,,,23,2019-01-01,08:09:17,27/06/2022 08:09
755,67,10,NDALA,TABORA KASKAZINI NDALA,,,,23,2019-01-01,13:33:36,28/06/2022 13:33
756,65,12,SOLWA,SOLWA,,784940603,,21,2019-01-01,05:10:48,29/06/2022 05:10
757,12,8,NKOME,NKOME - GEITA KASKAZINI,,755495618,,37,2019-01-01,13:57:52,29/06/2022 13:57
758,16,10,MULEBA MASHARIKI,MULEBA MASHARIKI  KAGERA KASKAZINI,,,,23,2019-01-01,13:26:47,30/06/2022 13:26
759,16,11,MULEBA MAGHARIBI,MULEBA MAGHARIBI KAGERA KUSINI,,,,23,2019-01-01,06:42:50,01/07/2022 06:42
760,12,9,KATORO KUSINI,KATORO,,,,21,2019-01-01,06:52:32,04/07/2022 06:52
761,12,10,KATORO - KUSINI,KATORO KUSINI,,,,21,2019-01-01,06:56:47,04/07/2022 06:56
762,12,11,KASAMWA KASKAZINI,KASAMWA KASKAZINI,,,,21,2019-01-01,08:04:34,04/07/2022 08:04
763,49,18,LITUHI,LITUHI,,768963045,,21,2019-01-01,06:20:13,05/07/2022 06:20
764,65,13,NINDO,NINDO,,768020611,,21,2019-01-01,08:47:17,05/07/2022 08:47
765,40,6,GEZAULOLE MASHARIKI,KIGAMBONI - GEZAULOLE MASHRIKI,,689762262,,12,2019-01-01,07:30:40,12/07/2022 07:30
766,40,7,GEZAILOLE MAGHARIBI,KIGAMBONI - GEZAULOLE MAGHARIBI,,,,12,2019-01-01,07:32:22,12/07/2022 07:32
767,55,10,MAKAMBAKO MASHARIKI ,MAKAMBAKO ,,,,12,2019-01-01,12:45:07,14/07/2022 12:45
768,55,11,MAKAMBAKO KUSINI ,MAKAMBAKO ,,,,12,2019-01-01,12:45:40,14/07/2022 12:45
769,55,12,MAKAMBAKO MAGHARIBI ,MAKAMBAKO ,,,,12,2019-01-01,12:46:36,14/07/2022 12:46
770,48,13,KIBAHA MASHARIKI,KIBAHA - PWANI,P.O.BOX 1760,755512531,,37,2019-01-01,13:02:07,14/07/2022 13:02
771,51,12,IFUMA,CHUNYA,,,,12,2019-01-01,14:42:59,14/07/2022 14:42
772,59,11,CHAPWA,SONGWE CHAPWA,,752567294,,37,2019-01-01,10:36:04,16/07/2022 10:36
773,59,12,MSANGANO,SONGWE MSAGANO,,769103154,,37,2019-01-01,11:00:49,16/07/2022 11:00
774,60,15,SENJELE,SENJEYE - SONGWE,P.O.BOX 1760,757578954,,37,2019-01-01,18:03:05,18/07/2022 07:33
775,60,16,KARASHA,KARASHA - SONGWE,P.O.BOX 1760,754806965,,37,2019-01-01,18:04:01,17/07/2022 18:04
776,3,7,KIBAIGWA KASKAZINI,KIBAIGWA - DODOMA,,75841497,,37,2019-01-01,11:38:26,18/07/2022 11:38
777,3,8,CHAMKOROMA,CHAMKOROMA - DODOMA KUSINI,,783063618,,37,2019-01-01,11:39:44,18/07/2022 11:39
778,3,9,CHOGOLA,CHOGOLA - DODOMA,P.O.BOX 1760,783772853,,37,2019-01-01,11:40:32,18/07/2022 11:40
779,48,14,MAILI MOJA,MAILI MOJA,P.O.BOX 1760,767802407,,37,2019-01-01,11:42:35,18/07/2022 11:42
780,48,15,KIBINDU,KIBINDU - MAGHARIBI,P.O.BOX 1760,766686644,,37,2019-01-01,11:43:29,18/07/2022 11:43
781,48,16,KWARA,KWARA PWANI,P.O.BOX 1760,629686379,,37,2019-01-01,11:44:25,18/07/2022 11:44
782,48,17,TUNUNGUO,TUNUNGUO PWANI,P.O.BOX 1760,624244163,,37,2019-01-01,11:45:02,18/07/2022 11:45
783,34,16,MASAMA MASHARIKI,MASAMA,,782339419,,24,2019-01-01,16:24:34,18/07/2022 16:24
784,11,5,ITIGI MJINI,ITIGI MJINI,P.O.BOX 1760,685718288,,37,2019-01-01,11:33:02,19/07/2022 11:33
785,11,6,KINTINKU MASHARIKI,KINTINKU MANYONI,P.O.BOX 1760,742218844,,37,2019-01-01,11:34:30,19/07/2022 11:36
786,11,7,KINTINKU MAGHARIBI,MANYONI,P.O.BOX 1760,716572462,,37,2019-01-01,11:37:41,19/07/2022 11:37
787,11,8,MANYONI KUSINI MASHARIKI,MANYONI,P.O.BOX 1760,,,37,2019-01-01,11:41:48,19/07/2022 11:41
788,40,8,MIKWAMBE,KIGAMBONI- MIKWAMBE,,766304506,,12,2019-01-01,13:24:40,19/07/2022 13:24
789,11,9,MANYONI MJINI MASHARIKI,MANYONI,P.O.BOX 1760,787421189,,37,2019-01-01,06:05:57,20/07/2022 06:05
790,49,19,MKUMBI,RUVUMA,,,,12,2019-01-01,09:12:48,21/07/2022 09:12
791,7,18,KIKWAKILA  ,784815817,,,,12,2019-01-01,09:20:50,30/07/2022 13:31
792,49,20,MBINGA MASHARIKI,MBINGA,,,,12,2019-01-01,10:15:51,21/07/2022 10:15
793,37,24,BASSOTU,MANYARA,P.O.BOX 1760,628030283,,37,2019-01-01,11:18:59,21/07/2022 11:18
794,15,11,MISSENYI MAGHARIBI,MISSENYI,,757435218,,12,2019-01-01,19:59:43,21/07/2022 19:59
795,15,12,MISSENYI MAGHARIBI,MISSENYI,,757435218,,12,2019-01-01,19:59:44,21/07/2022 19:59
796,7,19,LUMEMO,MOROGORO KUSINI-LUMEMO,,,,12,2019-01-01,08:20:42,22/07/2022 08:20
797,7,20,KIKWAWILA  AIPO,MOROGORO KUSINI-KIKWALILA,,,,12,2019-01-01,08:21:47,30/07/2022 13:29
798,7,21,MWEMBENI,MOROGORO KUSINI-MWEMBENI,,,,12,2019-01-01,08:22:24,22/07/2022 08:22
799,7,22,IRAGUA,MOROGORO KUSINI-IRAGUA,,,,12,2019-01-01,08:23:03,22/07/2022 08:23
800,7,23,KIBEREGE,MOROGORO KUSINI-KIBEREGE,,,,12,2019-01-01,08:24:12,22/07/2022 08:24
801,7,24,KISANGA,MOROGORO KUSINI-KISANGA,,,,12,2019-01-01,08:24:44,22/07/2022 08:24
802,34,17,SIHA KUSINI,SIHA ,,754312596,siha@tag.or.tz,24,2019-01-01,11:43:42,22/07/2022 11:43
803,7,25,MALOLO,MOROGORO KUSINI-MALOLO,,,,12,2019-01-01,15:25:21,22/07/2022 15:25
804,7,26,LUPIRO,LUPIRO,,787675439,,12,2019-01-01,08:10:31,23/07/2022 08:10
805,7,27,MCHOMBE,MCHOMBE,,688919826,,12,2019-01-01,08:52:00,23/07/2022 08:52
806,16,12,KAMISHANGO,KAGERA,,766293059,kamishango@tag.or.tz,24,2019-01-01,10:43:53,23/07/2022 10:43
807,23,5,NYEHUNGE,MWANZA MAGHARIBI-NYEHUNGE,,,,12,2019-01-01,07:26:43,25/07/2022 07:26
808,26,10,MBEZI NJIA NNE,MASHARIKI KASKAZINI-MBEZI NJIA NNE,,,,12,2019-01-01,07:35:10,25/07/2022 07:35
809,26,11,"TEGETA  ""A """,MASHARIKI KASKAZINI- TEGETA A,,,,12,2019-01-01,07:36:46,25/07/2022 11:05
810,12,12,KAGU,GITA KASKAZINI-KAGU,,,,12,2019-01-01,08:39:24,25/07/2022 08:39
811,12,13,KHARUMWA,GEITA KASKAZINI-KHARUMWA,,,,12,2019-01-01,08:40:08,25/07/2022 08:40
812,12,14,GEITA KUSINI,GEITA KUSINI,,,,12,2019-01-01,08:49:00,25/07/2022 08:49
813,29,12,KASERA,TANGA MASHARIKI-KASERA,,,,12,2019-01-01,10:19:19,25/07/2022 10:19
814,29,13,MARAMBA,TANGA MASHARIKI-MARAMBA,,,,12,2019-01-01,10:20:08,25/07/2022 10:20
815,16,13,KALEMBE,KAGERA,,743412968,,12,2019-01-01,10:49:25,25/07/2022 10:49
816,23,6,BUZINZA,BUZINZA,,,,12,2019-01-01,12:21:55,25/07/2022 12:21
817,23,7,KALUMO,MWANZA MAGHARIBI- KALUMO ,,,,12,2019-01-01,12:22:29,25/07/2022 12:22
818,65,14,IKONDA,IKONDA,,,,12,2019-01-01,12:49:50,25/07/2022 12:49
819,65,15,IKONDA,IKONDA,,,,12,2019-01-01,12:49:52,25/07/2022 12:49
820,71,16,ARUSHA CITY MAGHARIBI,ARUSHA KATI,,742111876,,12,2019-01-01,13:38:56,25/07/2022 13:38
821,25,6,MASWA MASHARIKI,SIMIYU KUSINI,,,,12,2019-01-01,15:28:24,25/07/2022 15:28
822,16,14,KIMWANI,KAGERA  KUSINI,,753639702,,12,2019-01-01,07:03:25,26/07/2022 07:03
823,16,15,NSHAMBA,KAGERA  KUSINI,,746225395,,12,2019-01-01,07:52:20,26/07/2022 07:52
824,16,16,MULEBA,MULEBA,,753234973,,12,2019-01-01,09:23:14,26/07/2022 09:23
825,8,7,KIMAMBA,KIMAMBA,,652724820,,12,2019-01-01,09:09:43,29/07/2022 09:09
826,7,28,RUAHA,RUAHA,P.O.BOX 1760,789944602,,37,2019-01-01,13:26:03,01/08/2022 13:26
827,7,29,IDETE,IDETE,P.O.BOX 1760,692339436,,37,2019-01-01,13:27:24,01/08/2022 13:27
828,24,7,NKOLOLO,SIMIYU,,,,12,2019-01-01,08:54:32,04/08/2022 08:54
829,15,13,MISENYI MAGHARIBI,KAGERA,P.O.BOX 1760,757435218,,37,2019-01-01,10:00:49,04/08/2022 10:00
830,52,18,BONDENI KATI,KUSINI MAGHARIBI,P.O.BOX 1760,755695992,,37,2019-01-01,13:20:51,04/08/2022 13:20
831,72,11,PERAMIHO KATI,RUVUMA KATI,,765303616,,12,2019-01-01,09:51:11,06/08/2022 09:51
832,17,15,KITUNTU,KITUNTU,,,,12,2019-01-01,14:18:08,10/08/2022 14:18
833,18,6,SHIRATI,MARA,P.O.BOX 1760,626692412,,37,2019-01-01,11:26:05,19/08/2022 11:26
834,63,5,BUHORO,KIGOMA,P.O.BOX 1760,752303872,,37,2019-01-01,11:28:55,19/08/2022 11:28
835,20,10,RUNG'ABURE,RUNG'ABURE,,62325330,,12,2019-01-01,21:34:32,23/08/2022 21:34
836,51,13,HUMA,HUMA,,746551176,,12,2019-01-01,11:07:50,24/08/2022 11:07
837,51,14,HUMA,HUMA,,746551176,,12,2019-01-01,11:07:52,24/08/2022 11:07
838,12,15,GEITA KATI,GEITA ,,764152740,,12,2019-01-01,11:58:27,06/09/2022 11:58
839,66,10,KAHAMA KUSINI MASHARIKI ,KAHAMA,,,,12,2019-01-01,06:29:34,07/09/2022 06:29
840,71,17,KISONGO KUSINI ,KISONGO,,,,12,2019-01-01,08:56:58,07/09/2022 08:56
841,9,14,URUGHU ,URUGHU,,,,12,2019-01-01,12:10:33,07/09/2022 12:10
842,22,9,KWIMBA KUSINI ,KWIMBA ,,,,12,2019-01-01,11:32:26,08/09/2022 11:32
843,26,12,SKANSKA,SKANSKA,,683112244,,37,2019-01-01,06:39:30,12/09/2022 06:39
844,49,21,KITURA,RUVUMA,,757672905,,37,2019-01-01,09:00:42,12/09/2022 09:00
845,71,18,KETUMBEINE,ARUSHA KATI,,747137235,,37,2019-01-01,11:03:06,13/09/2022 11:03
846,68,11,TURA,TABORA ,,673728052,,37,2019-01-01,12:30:18,13/09/2022 12:30
847,68,12,IGALULA,TABORA,,684886413,,37,2019-01-01,08:30:36,14/09/2022 08:30
848,31,16,LAKE NATRON,ARUSHA MAGHARIBI,,685327657,,12,2019-01-01,09:12:57,17/10/2022 09:12
849,46,7,MASASI MAGHARIBI,MASASI,,,,12,2019-01-01,11:37:41,16/11/2022 11:37
850,71,19,NAMANGA ,NAMANGA ,,,,12,2019-01-01,06:08:37,17/11/2022 06:08
851,32,22,NGARENANYUKI,NGARENANYUKI,,,,12,2019-01-01,06:46:09,17/11/2022 06:46
852,71,20,KISONGO KASKAZINI ,KISONGO KASKAZINI ,,,,12,2019-01-01,10:15:55,28/11/2022 10:15
853,73,1,SHINYANGA,SHINYANGA MJINI,,755023312,,37,2019-01-01,07:04:38,27/02/2023 07:04
854,54,33,KYELA KUSINI,KYELA KUSINI,KYELA,752229703,,38,2019-01-01,06:23:30,02/03/2023 06:23
855,15,14,BUKOBA MANISPAA KUSINI,BUKOBA,,,,12,2019-01-01,09:06:25,06/03/2023 09:06
856,17,16,MABIRA,MABIRA,,759459620,,37,2019-01-01,10:16:15,06/03/2023 10:16
857,17,17,KAYANGA,KAYANGA KAGERA MAGHARIBI,,769491920,,37,2019-01-01,10:32:57,06/03/2023 10:32
858,2,10,MIYUJI,MIYUJIDODOMA,,,,38,2019-01-01,08:14:14,20/03/2023 08:14